"Label (Grouping)","Population 3 years and over enrolled in school","Population 3 years and over enrolled in school!!Nursery school, preschool","Population 3 years and over enrolled in school!!Kindergarten to 12th grade","Population 3 years and over enrolled in school!!Kindergarten to 12th grade!!Kindergarten","Population 3 years and over enrolled in school!!Kindergarten to 12th grade!!Elementary: grade 1 to grade 4","Population 3 years and over enrolled in school!!Kindergarten to 12th grade!!Elementary: grade 5 to grade 8","Population 3 years and over enrolled in school!!Kindergarten to 12th grade!!High school: grade 9 to grade 12","Population 3 years and over enrolled in school!!College, undergraduate","Population 3 years and over enrolled in school!!Graduate, professional school","Population enrolled in college or graduate school","Population enrolled in college or graduate school!!Males enrolled in college or graduate school","Population enrolled in college or graduate school!!Females enrolled in college or graduate school","Population 3 to 4 years","Population 3 to 4 years!!3 to 4 year olds enrolled in school","Population 5 to 9 years","Population 5 to 9 years!!5 to 9 year olds enrolled in school","Population 10 to 14 years","Population 10 to 14 years!!10 to 14 year olds enrolled in school","Population 15 to 17","Population 15 to 17!!15 to 17 year olds enrolled in school","Population 18 to 19 years","Population 18 to 19 years!!18 and 19 year olds enrolled in school","Population 20 to 24 years","Population 20 to 24 years!!20 to 24 year olds enrolled in school","Population 25 to 34 years","Population 25 to 34 years!!25 to 34 year olds enrolled in school","Population 35 years and over","Population 35 years and over!!35 years and over enrolled in school","Population 18 to 24 years","Population 18 to 24 years!!Enrolled in college or graduate school","Population 18 to 24 years!!Males 18 to 24 years","Population 18 to 24 years!!Males 18 to 24 years!!Enrolled in college or graduate school","Population 18 to 24 years!!Females 18 to 24 years","Population 18 to 24 years!!Females 18 to 24 years!!Enrolled in college or graduate school"
"Alabama","","","","","","","","","","","","","","","","","","","","","","","","","","","","","","","","","",""
"    Total","","","","","","","","","","","","","","","","","","","","","","","","","","","","","","","","","",""
"        Estimate","1,213,681","71,633","821,490","62,122","239,807","256,517","263,044","260,299","60,259","320,558","133,118","187,440","127,269","54,196","306,225","285,607","330,258","319,998","200,504","191,447","145,376","107,950","336,961","134,890","655,463","63,671","2,818,243","55,922","482,337","204,984","241,289","87,818","241,048","117,166"
"        Margin of Error","±5,751","±2,507","±3,469","±2,070","±3,042","±3,748","±2,744","±4,134","±2,299","±4,597","±2,724","±3,463","±2,310","±2,058","±3,758","±3,459","±3,663","±3,757","±581","±1,223","±1,342","±1,560","±1,338","±2,640","±1,495","±2,451","±1,411","±2,350","±1,199","±2,918","±849","±2,131","±796","±2,562"
"    Percent","","","","","","","","","","","","","","","","","","","","","","","","","","","","","","","","","",""
"        Estimate","(X)","5.9%","67.7%","5.1%","19.8%","21.1%","21.7%","21.4%","5.0%","26.4%","22.5%","30.1%","(X)","42.6%","(X)","93.3%","(X)","96.9%","(X)","95.5%","(X)","74.3%","(X)","40.0%","(X)","9.7%","(X)","2.0%","(X)","42.5%","(X)","36.4%","(X)","48.6%"
"        Margin of Error","(X)","±0.2","±0.3","±0.2","±0.3","±0.3","±0.2","±0.3","±0.2","±0.3","±0.4","±0.4","(X)","±1.5","(X)","±0.5","(X)","±0.4","(X)","±0.5","(X)","±1.0","(X)","±0.8","(X)","±0.4","(X)","±0.1","(X)","±0.6","(X)","±0.9","(X)","±1.0"
"    In public school","","","","","","","","","","","","","","","","","","","","","","","","","","","","","","","","","",""
"        Estimate","(X)","45,265","704,418","52,408","207,030","219,374","225,606","218,899","46,052","264,951","110,732","154,219","(X)","32,602","(X)","243,322","(X)","274,862","(X)","162,759","(X)","91,885","(X)","111,850","(X)","53,886","(X)","43,468","(X)","171,162","(X)","74,809","(X)","96,353"
"        Margin of Error","(X)","±1,821","±4,322","±1,849","±3,031","±4,191","±2,908","±3,999","±2,033","±4,616","±2,470","±3,476","(X)","±1,566","(X)","±3,182","(X)","±4,284","(X)","±1,664","(X)","±2,092","(X)","±2,611","(X)","±2,335","(X)","±1,918","(X)","±3,309","(X)","±2,121","(X)","±2,393"
"    Percent in public school","","","","","","","","","","","","","","","","","","","","","","","","","","","","","","","","","",""
"        Estimate","83.6%","63.2%","85.7%","84.4%","86.3%","85.5%","85.8%","84.1%","76.4%","82.7%","83.2%","82.3%","(X)","60.2%","(X)","85.2%","(X)","85.9%","(X)","85.0%","(X)","85.1%","(X)","82.9%","(X)","84.6%","(X)","77.7%","(X)","83.5%","(X)","85.2%","(X)","82.2%"
"        Margin of Error","±0.3","±1.9","±0.3","±1.1","±0.6","±0.6","±0.5","±0.8","±1.7","±0.8","±1.0","±1.1","(X)","±2.1","(X)","±0.6","(X)","±0.6","(X)","±0.6","(X)","±1.5","(X)","±1.2","(X)","±1.5","(X)","±1.9","(X)","±1.1","(X)","±1.2","(X)","±1.4"
"    In private school","","","","","","","","","","","","","","","","","","","","","","","","","","","","","","","","","",""
"        Estimate","(X)","26,368","117,072","9,714","32,777","37,143","37,438","41,400","14,207","55,607","22,386","33,221","(X)","21,594","(X)","42,285","(X)","45,136","(X)","28,688","(X)","16,065","(X)","23,040","(X)","9,785","(X)","12,454","(X)","33,822","(X)","13,009","(X)","20,813"
"        Margin of Error","(X)","±1,784","±2,812","±778","±1,543","±1,229","±1,394","±2,272","±1,190","±2,737","±1,406","±2,164","(X)","±1,473","(X)","±1,826","(X)","±1,693","(X)","±1,055","(X)","±1,576","(X)","±1,744","(X)","±968","(X)","±1,258","(X)","±2,223","(X)","±1,131","(X)","±1,801"
"    Percent in private school","","","","","","","","","","","","","","","","","","","","","","","","","","","","","","","","","",""
"        Estimate","16.4%","36.8%","14.3%","15.6%","13.7%","14.5%","14.2%","15.9%","23.6%","17.3%","16.8%","17.7%","(X)","39.8%","(X)","14.8%","(X)","14.1%","(X)","15.0%","(X)","14.9%","(X)","17.1%","(X)","15.4%","(X)","22.3%","(X)","16.5%","(X)","14.8%","(X)","17.8%"
"        Margin of Error","±0.3","±1.9","±0.3","±1.1","±0.6","±0.6","±0.5","±0.8","±1.7","±0.8","±1.0","±1.1","(X)","±2.1","(X)","±0.6","(X)","±0.6","(X)","±0.6","(X)","±1.5","(X)","±1.2","(X)","±1.5","(X)","±1.9","(X)","±1.1","(X)","±1.2","(X)","±1.4"
"Alaska","","","","","","","","","","","","","","","","","","","","","","","","","","","","","","","","","",""
"    Total","","","","","","","","","","","","","","","","","","","","","","","","","","","","","","","","","",""
"        Estimate","171,961","9,460","126,713","8,257","39,859","39,329","39,268","27,465","8,323","35,788","15,518","20,270","19,396","7,056","50,319","46,513","50,854","49,033","29,370","27,961","17,468","9,044","50,507","10,361","113,657","10,335","376,895","11,658","67,975","13,946","38,751","6,041","29,224","7,905"
"        Margin of Error","±1,672","±714","±1,128","±665","±1,070","±1,265","±1,004","±1,217","±747","±1,338","±993","±1,049","±803","±597","±1,327","±1,156","±1,302","±1,377","±342","±387","±630","±743","±626","±777","±715","±739","±576","±682","±529","±958","±421","±674","±255","±643"
"    Percent","","","","","","","","","","","","","","","","","","","","","","","","","","","","","","","","","",""
"        Estimate","(X)","5.5%","73.7%","4.8%","23.2%","22.9%","22.8%","16.0%","4.8%","20.8%","18.2%","23.4%","(X)","36.4%","(X)","92.4%","(X)","96.4%","(X)","95.2%","(X)","51.8%","(X)","20.5%","(X)","9.1%","(X)","3.1%","(X)","20.5%","(X)","15.6%","(X)","27.0%"
"        Margin of Error","(X)","±0.4","±0.7","±0.4","±0.6","±0.7","±0.6","±0.6","±0.4","±0.6","±1.0","±1.0","(X)","±2.6","(X)","±1.0","(X)","±0.8","(X)","±0.8","(X)","±3.6","(X)","±1.5","(X)","±0.6","(X)","±0.2","(X)","±1.4","(X)","±1.7","(X)","±2.2"
"    In public school","","","","","","","","","","","","","","","","","","","","","","","","","","","","","","","","","",""
"        Estimate","(X)","5,295","108,757","6,844","33,222","34,010","34,681","22,150","5,658","27,808","11,807","16,001","(X)","4,123","(X)","38,042","(X)","42,311","(X)","24,674","(X)","7,649","(X)","8,363","(X)","8,253","(X)","8,445","(X)","11,248","(X)","4,674","(X)","6,574"
"        Margin of Error","(X)","±476","±1,758","±609","±1,135","±1,260","±1,049","±1,102","±634","±1,237","±885","±997","(X)","±385","(X)","±1,224","(X)","±1,399","(X)","±599","(X)","±657","(X)","±681","(X)","±825","(X)","±642","(X)","±825","(X)","±573","(X)","±592"
"    Percent in public school","","","","","","","","","","","","","","","","","","","","","","","","","","","","","","","","","",""
"        Estimate","82.5%","56.0%","85.8%","82.9%","83.3%","86.5%","88.3%","80.6%","68.0%","77.7%","76.1%","78.9%","(X)","58.4%","(X)","81.8%","(X)","86.3%","(X)","88.2%","(X)","84.6%","(X)","80.7%","(X)","79.9%","(X)","72.4%","(X)","80.7%","(X)","77.4%","(X)","83.2%"
"        Margin of Error","±1.0","±3.8","±1.1","±2.9","±1.8","±1.3","±1.5","±1.9","±4.0","±2.0","±3.0","±2.3","(X)","±4.5","(X)","±1.7","(X)","±1.2","(X)","±1.6","(X)","±3.1","(X)","±3.6","(X)","±3.7","(X)","±3.7","(X)","±3.0","(X)","±4.9","(X)","±3.5"
"    In private school","","","","","","","","","","","","","","","","","","","","","","","","","","","","","","","","","",""
"        Estimate","(X)","4,165","17,956","1,413","6,637","5,319","4,587","5,315","2,665","7,980","3,711","4,269","(X)","2,933","(X)","8,471","(X)","6,722","(X)","3,287","(X)","1,395","(X)","1,998","(X)","2,082","(X)","3,213","(X)","2,698","(X)","1,367","(X)","1,331"
"        Margin of Error","(X)","±530","±1,358","±262","±729","±510","±625","±594","±390","±779","±521","±483","(X)","±460","(X)","±825","(X)","±601","(X)","±452","(X)","±316","(X)","±415","(X)","±350","(X)","±484","(X)","±475","(X)","±347","(X)","±300"
"    Percent in private school","","","","","","","","","","","","","","","","","","","","","","","","","","","","","","","","","",""
"        Estimate","17.5%","44.0%","14.2%","17.1%","16.7%","13.5%","11.7%","19.4%","32.0%","22.3%","23.9%","21.1%","(X)","41.6%","(X)","18.2%","(X)","13.7%","(X)","11.8%","(X)","15.4%","(X)","19.3%","(X)","20.1%","(X)","27.6%","(X)","19.3%","(X)","22.6%","(X)","16.8%"
"        Margin of Error","±1.0","±3.8","±1.1","±2.9","±1.8","±1.3","±1.5","±1.9","±4.0","±2.0","±3.0","±2.3","(X)","±4.5","(X)","±1.7","(X)","±1.2","(X)","±1.6","(X)","±3.1","(X)","±3.6","(X)","±3.7","(X)","±3.7","(X)","±3.0","(X)","±4.9","(X)","±3.5"
"Arizona","","","","","","","","","","","","","","","","","","","","","","","","","","","","","","","","","",""
"    Total","","","","","","","","","","","","","","","","","","","","","","","","","","","","","","","","","",""
"        Estimate","1,721,959","76,146","1,188,443","83,116","346,304","368,083","390,940","361,508","95,862","457,370","206,050","251,320","170,309","59,589","436,079","405,394","468,651","457,333","292,128","279,239","196,854","132,647","498,933","174,835","1,018,722","110,912","4,069,953","102,010","695,787","251,418","359,635","117,099","336,152","134,319"
"        Margin of Error","±6,733","±2,788","±3,834","±2,405","±4,331","±4,410","±3,308","±4,413","±3,139","±5,707","±3,864","±3,884","±2,922","±2,156","±4,386","±4,320","±4,313","±4,173","±234","±1,146","±813","±1,857","±872","±3,518","±749","±2,685","±623","±2,295","±505","±3,899","±427","±2,896","±351","±2,910"
"    Percent","","","","","","","","","","","","","","","","","","","","","","","","","","","","","","","","","",""
"        Estimate","(X)","4.4%","69.0%","4.8%","20.1%","21.4%","22.7%","21.0%","5.6%","26.6%","24.1%","29.0%","(X)","35.0%","(X)","93.0%","(X)","97.6%","(X)","95.6%","(X)","67.4%","(X)","35.0%","(X)","10.9%","(X)","2.5%","(X)","36.1%","(X)","32.6%","(X)","40.0%"
"        Margin of Error","(X)","±0.2","±0.3","±0.1","±0.3","±0.3","±0.2","±0.2","±0.2","±0.3","±0.4","±0.3","(X)","±1.1","(X)","±0.4","(X)","±0.3","(X)","±0.4","(X)","±0.9","(X)","±0.7","(X)","±0.3","(X)","±0.1","(X)","±0.6","(X)","±0.8","(X)","±0.9"
"    In public school","","","","","","","","","","","","","","","","","","","","","","","","","","","","","","","","","",""
"        Estimate","(X)","48,238","1,057,317","70,574","304,164","327,380","355,199","305,637","63,101","368,738","168,550","200,188","(X)","37,208","(X)","350,542","(X)","407,586","(X)","253,690","(X)","117,979","(X)","148,675","(X)","85,578","(X)","73,035","(X)","215,987","(X)","100,889","(X)","115,098"
"        Margin of Error","(X)","±2,120","±4,941","±2,287","±4,729","±4,819","±3,651","±4,168","±2,424","±5,147","±3,288","±3,507","(X)","±1,779","(X)","±4,302","(X)","±4,555","(X)","±1,781","(X)","±1,878","(X)","±3,159","(X)","±2,684","(X)","±1,813","(X)","±3,394","(X)","±2,557","(X)","±2,678"
"    Percent in public school","","","","","","","","","","","","","","","","","","","","","","","","","","","","","","","","","",""
"        Estimate","85.6%","63.3%","89.0%","84.9%","87.8%","88.9%","90.9%","84.5%","65.8%","80.6%","81.8%","79.7%","(X)","62.4%","(X)","86.5%","(X)","89.1%","(X)","90.9%","(X)","88.9%","(X)","85.0%","(X)","77.2%","(X)","71.6%","(X)","85.9%","(X)","86.2%","(X)","85.7%"
"        Margin of Error","±0.3","±1.5","±0.3","±1.1","±0.6","±0.6","±0.4","±0.5","±1.4","±0.6","±0.7","±0.8","(X)","±1.9","(X)","±0.6","(X)","±0.5","(X)","±0.5","(X)","±0.8","(X)","±0.9","(X)","±1.3","(X)","±1.3","(X)","±0.6","(X)","±0.9","(X)","±0.9"
"    In private school","","","","","","","","","","","","","","","","","","","","","","","","","","","","","","","","","",""
"        Estimate","(X)","27,908","131,126","12,542","42,140","40,703","35,741","55,871","32,761","88,632","37,500","51,132","(X)","22,381","(X)","54,852","(X)","49,747","(X)","25,549","(X)","14,668","(X)","26,160","(X)","25,334","(X)","28,975","(X)","35,431","(X)","16,210","(X)","19,221"
"        Margin of Error","(X)","±1,558","±3,807","±963","±1,941","±2,048","±1,683","±2,038","±1,776","±2,799","±1,673","±2,212","(X)","±1,338","(X)","±2,381","(X)","±2,205","(X)","±1,318","(X)","±1,162","(X)","±1,670","(X)","±1,558","(X)","±1,589","(X)","±1,801","(X)","±1,208","(X)","±1,295"
"    Percent in private school","","","","","","","","","","","","","","","","","","","","","","","","","","","","","","","","","",""
"        Estimate","14.4%","36.7%","11.0%","15.1%","12.2%","11.1%","9.1%","15.5%","34.2%","19.4%","18.2%","20.3%","(X)","37.6%","(X)","13.5%","(X)","10.9%","(X)","9.1%","(X)","11.1%","(X)","15.0%","(X)","22.8%","(X)","28.4%","(X)","14.1%","(X)","13.8%","(X)","14.3%"
"        Margin of Error","±0.3","±1.5","±0.3","±1.1","±0.6","±0.6","±0.4","±0.5","±1.4","±0.6","±0.7","±0.8","(X)","±1.9","(X)","±0.6","(X)","±0.5","(X)","±0.5","(X)","±0.8","(X)","±0.9","(X)","±1.3","(X)","±1.3","(X)","±0.6","(X)","±0.9","(X)","±0.9"
"Arkansas","","","","","","","","","","","","","","","","","","","","","","","","","","","","","","","","","",""
"    Total","","","","","","","","","","","","","","","","","","","","","","","","","","","","","","","","","",""
"        Estimate","707,273","43,155","507,316","37,408","153,767","157,725","158,416","126,867","29,935","156,802","65,747","91,055","73,995","30,387","196,086","179,660","202,277","195,259","126,367","120,344","81,694","53,664","203,515","63,420","395,441","33,172","1,663,731","31,367","285,209","95,137","145,892","42,180","139,317","52,957"
"        Margin of Error","±4,556","±1,679","±2,332","±1,604","±2,872","±2,498","±2,070","±3,020","±1,739","±3,369","±1,961","±2,269","±1,744","±1,328","±2,613","±2,759","±2,685","±2,658","±613","±1,111","±1,184","±1,222","±1,519","±1,965","±1,276","±1,709","±1,236","±1,455","±1,228","±2,269","±839","±1,655","±709","±1,568"
"    Percent","","","","","","","","","","","","","","","","","","","","","","","","","","","","","","","","","",""
"        Estimate","(X)","6.1%","71.7%","5.3%","21.7%","22.3%","22.4%","17.9%","4.2%","22.2%","18.9%","25.4%","(X)","41.1%","(X)","91.6%","(X)","96.5%","(X)","95.2%","(X)","65.7%","(X)","31.2%","(X)","8.4%","(X)","1.9%","(X)","33.4%","(X)","28.9%","(X)","38.0%"
"        Margin of Error","(X)","±0.2","±0.4","±0.2","±0.4","±0.4","±0.3","±0.4","±0.2","±0.4","±0.5","±0.5","(X)","±1.5","(X)","±0.6","(X)","±0.4","(X)","±0.7","(X)","±1.3","(X)","±1.0","(X)","±0.4","(X)","±0.1","(X)","±0.8","(X)","±1.2","(X)","±1.1"
"    In public school","","","","","","","","","","","","","","","","","","","","","","","","","","","","","","","","","",""
"        Estimate","(X)","31,163","452,859","32,720","136,626","140,127","143,386","103,154","23,650","126,804","53,260","73,544","(X)","21,463","(X)","157,613","(X)","174,029","(X)","109,197","(X)","44,126","(X)","51,592","(X)","27,297","(X)","25,509","(X)","76,191","(X)","33,908","(X)","42,283"
"        Margin of Error","(X)","±1,451","±3,089","±1,483","±2,771","±2,365","±2,040","±2,713","±1,641","±3,168","±1,672","±2,160","(X)","±1,200","(X)","±2,582","(X)","±2,554","(X)","±1,192","(X)","±1,222","(X)","±1,892","(X)","±1,496","(X)","±1,340","(X)","±2,204","(X)","±1,438","(X)","±1,476"
"    Percent in public school","","","","","","","","","","","","","","","","","","","","","","","","","","","","","","","","","",""
"        Estimate","86.4%","72.2%","89.3%","87.5%","88.9%","88.8%","90.5%","81.3%","79.0%","80.9%","81.0%","80.8%","(X)","70.6%","(X)","87.7%","(X)","89.1%","(X)","90.7%","(X)","82.2%","(X)","81.3%","(X)","82.3%","(X)","81.3%","(X)","80.1%","(X)","80.4%","(X)","79.8%"
"        Margin of Error","±0.4","±1.8","±0.4","±1.3","±0.8","±0.7","±0.6","±0.9","±2.2","±0.9","±1.2","±1.2","(X)","±2.2","(X)","±0.7","(X)","±0.6","(X)","±0.7","(X)","±1.4","(X)","±1.6","(X)","±1.7","(X)","±1.6","(X)","±1.3","(X)","±1.5","(X)","±1.9"
"    In private school","","","","","","","","","","","","","","","","","","","","","","","","","","","","","","","","","",""
"        Estimate","(X)","11,992","54,457","4,688","17,141","17,598","15,030","23,713","6,285","29,998","12,487","17,511","(X)","8,924","(X)","22,047","(X)","21,230","(X)","11,147","(X)","9,538","(X)","11,828","(X)","5,875","(X)","5,858","(X)","18,946","(X)","8,272","(X)","10,674"
"        Margin of Error","(X)","±919","±2,286","±537","±1,258","±1,111","±1,011","±1,336","±677","±1,482","±885","±1,145","(X)","±759","(X)","±1,262","(X)","±1,252","(X)","±811","(X)","±771","(X)","±1,052","(X)","±670","(X)","±560","(X)","±1,296","(X)","±739","(X)","±1,080"
"    Percent in private school","","","","","","","","","","","","","","","","","","","","","","","","","","","","","","","","","",""
"        Estimate","13.6%","27.8%","10.7%","12.5%","11.1%","11.2%","9.5%","18.7%","21.0%","19.1%","19.0%","19.2%","(X)","29.4%","(X)","12.3%","(X)","10.9%","(X)","9.3%","(X)","17.8%","(X)","18.7%","(X)","17.7%","(X)","18.7%","(X)","19.9%","(X)","19.6%","(X)","20.2%"
"        Margin of Error","±0.4","±1.8","±0.4","±1.3","±0.8","±0.7","±0.6","±0.9","±2.2","±0.9","±1.2","±1.2","(X)","±2.2","(X)","±0.7","(X)","±0.6","(X)","±0.7","(X)","±1.4","(X)","±1.6","(X)","±1.7","(X)","±1.6","(X)","±1.3","(X)","±1.5","(X)","±1.9"
"California","","","","","","","","","","","","","","","","","","","","","","","","","","","","","","","","","",""
"    Total","","","","","","","","","","","","","","","","","","","","","","","","","","","","","","","","","",""
"        Estimate","9,917,839","491,122","6,440,538","483,570","1,850,708","1,976,260","2,130,000","2,411,706","574,473","2,986,179","1,353,603","1,632,576","907,750","404,369","2,328,036","2,200,716","2,577,425","2,520,699","1,561,412","1,519,661","1,033,651","778,385","2,546,970","1,135,215","5,802,244","749,978","21,271,716","608,816","3,580,621","1,676,635","1,833,733","778,422","1,746,888","898,213"
"        Margin of Error","±17,723","±6,108","±8,790","±5,710","±9,063","±9,779","±7,717","±12,168","±6,733","±15,348","±9,257","±10,224","±6,231","±4,768","±10,274","±10,025","±10,057","±10,383","±684","±2,021","±1,192","±3,704","±1,428","±6,478","±1,499","±8,603","±1,078","±7,179","±1,235","±8,493","±804","±5,893","±811","±5,912"
"    Percent","","","","","","","","","","","","","","","","","","","","","","","","","","","","","","","","","",""
"        Estimate","(X)","5.0%","64.9%","4.9%","18.7%","19.9%","21.5%","24.3%","5.8%","30.1%","27.5%","32.6%","(X)","44.5%","(X)","94.5%","(X)","97.8%","(X)","97.3%","(X)","75.3%","(X)","44.6%","(X)","12.9%","(X)","2.9%","(X)","46.8%","(X)","42.5%","(X)","51.4%"
"        Margin of Error","(X)","±0.1","±0.1","±0.1","±0.1","±0.1","±0.1","±0.1","±0.1","±0.1","±0.1","±0.1","(X)","±0.5","(X)","±0.1","(X)","±0.1","(X)","±0.1","(X)","±0.3","(X)","±0.3","(X)","±0.1","(X)","±0.1","(X)","±0.2","(X)","±0.3","(X)","±0.3"
"    In public school","","","","","","","","","","","","","","","","","","","","","","","","","","","","","","","","","",""
"        Estimate","(X)","272,966","5,794,654","421,966","1,650,118","1,779,733","1,942,837","2,037,557","322,811","2,360,368","1,086,461","1,273,907","(X)","222,054","(X)","1,927,597","(X)","2,274,555","(X)","1,388,758","(X)","680,718","(X)","945,496","(X)","554,986","(X)","433,824","(X)","1,413,682","(X)","664,421","(X)","749,261"
"        Margin of Error","(X)","±4,987","±11,195","±5,649","±8,374","±9,517","±8,378","±11,589","±5,395","±14,149","±8,602","±9,380","(X)","±4,345","(X)","±10,083","(X)","±10,585","(X)","±3,042","(X)","±4,240","(X)","±6,395","(X)","±7,504","(X)","±6,241","(X)","±8,219","(X)","±6,214","(X)","±5,947"
"    Percent in public school","","","","","","","","","","","","","","","","","","","","","","","","","","","","","","","","","",""
"        Estimate","85.0%","55.6%","90.0%","87.3%","89.2%","90.1%","91.2%","84.5%","56.2%","79.0%","80.3%","78.0%","(X)","54.9%","(X)","87.6%","(X)","90.2%","(X)","91.4%","(X)","87.5%","(X)","83.3%","(X)","74.0%","(X)","71.3%","(X)","84.3%","(X)","85.4%","(X)","83.4%"
"        Margin of Error","±0.1","±0.7","±0.1","±0.5","±0.2","±0.2","±0.1","±0.2","±0.6","±0.2","±0.3","±0.3","(X)","±0.7","(X)","±0.2","(X)","±0.2","(X)","±0.2","(X)","±0.3","(X)","±0.4","(X)","±0.4","(X)","±0.5","(X)","±0.3","(X)","±0.4","(X)","±0.4"
"    In private school","","","","","","","","","","","","","","","","","","","","","","","","","","","","","","","","","",""
"        Estimate","(X)","218,156","645,884","61,604","200,590","196,527","187,163","374,149","251,662","625,811","267,142","358,669","(X)","182,315","(X)","273,119","(X)","246,144","(X)","130,903","(X)","97,667","(X)","189,719","(X)","194,992","(X)","174,992","(X)","262,953","(X)","114,001","(X)","148,952"
"        Margin of Error","(X)","±4,158","±7,844","±2,377","±4,080","±4,154","±2,964","±5,395","±4,098","±6,751","±4,470","±4,647","(X)","±3,368","(X)","±5,585","(X)","±4,677","(X)","±2,577","(X)","±2,633","(X)","±4,349","(X)","±3,605","(X)","±3,526","(X)","±5,023","(X)","±2,938","(X)","±3,715"
"    Percent in private school","","","","","","","","","","","","","","","","","","","","","","","","","","","","","","","","","",""
"        Estimate","15.0%","44.4%","10.0%","12.7%","10.8%","9.9%","8.8%","15.5%","43.8%","21.0%","19.7%","22.0%","(X)","45.1%","(X)","12.4%","(X)","9.8%","(X)","8.6%","(X)","12.5%","(X)","16.7%","(X)","26.0%","(X)","28.7%","(X)","15.7%","(X)","14.6%","(X)","16.6%"
"        Margin of Error","±0.1","±0.7","±0.1","±0.5","±0.2","±0.2","±0.1","±0.2","±0.6","±0.2","±0.3","±0.3","(X)","±0.7","(X)","±0.2","(X)","±0.2","(X)","±0.2","(X)","±0.3","(X)","±0.4","(X)","±0.4","(X)","±0.5","(X)","±0.3","(X)","±0.4","(X)","±0.4"
"Colorado","","","","","","","","","","","","","","","","","","","","","","","","","","","","","","","","","",""
"    Total","","","","","","","","","","","","","","","","","","","","","","","","","","","","","","","","","",""
"        Estimate","1,369,681","81,093","910,567","62,266","265,148","285,765","297,388","287,006","91,015","378,021","177,625","200,396","129,513","63,099","329,124","310,245","365,422","356,853","224,350","216,616","151,529","107,599","383,406","138,136","920,490","98,014","3,175,237","79,119","534,935","203,203","278,639","98,909","256,296","104,294"
"        Margin of Error","±5,591","±2,271","±2,849","±2,000","±2,980","±3,751","±2,424","±3,365","±2,846","±4,737","±3,035","±3,267","±2,301","±1,929","±3,130","±3,192","±3,129","±3,186","±492","±795","±876","±1,606","±1,158","±3,035","±1,436","±2,597","±1,058","±2,208","±929","±3,098","±773","±2,066","±569","±2,310"
"    Percent","","","","","","","","","","","","","","","","","","","","","","","","","","","","","","","","","",""
"        Estimate","(X)","5.9%","66.5%","4.5%","19.4%","20.9%","21.7%","21.0%","6.6%","27.6%","25.8%","29.4%","(X)","48.7%","(X)","94.3%","(X)","97.7%","(X)","96.6%","(X)","71.0%","(X)","36.0%","(X)","10.6%","(X)","2.5%","(X)","38.0%","(X)","35.5%","(X)","40.7%"
"        Margin of Error","(X)","±0.2","±0.3","±0.1","±0.2","±0.3","±0.2","±0.2","±0.2","±0.3","±0.3","±0.4","(X)","±1.3","(X)","±0.4","(X)","±0.3","(X)","±0.3","(X)","±1.0","(X)","±0.8","(X)","±0.3","(X)","±0.1","(X)","±0.6","(X)","±0.7","(X)","±0.9"
"    In public school","","","","","","","","","","","","","","","","","","","","","","","","","","","","","","","","","",""
"        Estimate","(X)","50,024","815,037","53,746","233,759","254,114","273,418","248,865","63,667","312,532","149,011","163,521","(X)","38,929","(X)","267,848","(X)","317,654","(X)","199,648","(X)","96,861","(X)","119,784","(X)","78,204","(X)","58,665","(X)","177,611","(X)","87,642","(X)","89,969"
"        Margin of Error","(X)","±1,801","±4,217","±1,755","±2,861","±3,726","±2,599","±3,597","±2,234","±4,436","±2,741","±3,169","(X)","±1,670","(X)","±3,071","(X)","±3,422","(X)","±1,316","(X)","±1,794","(X)","±2,919","(X)","±2,356","(X)","±1,769","(X)","±3,129","(X)","±2,030","(X)","±2,283"
"    Percent in public school","","","","","","","","","","","","","","","","","","","","","","","","","","","","","","","","","",""
"        Estimate","86.0%","61.7%","89.5%","86.3%","88.2%","88.9%","91.9%","86.7%","70.0%","82.7%","83.9%","81.6%","(X)","61.7%","(X)","86.3%","(X)","89.0%","(X)","92.2%","(X)","90.0%","(X)","86.7%","(X)","79.8%","(X)","74.1%","(X)","87.4%","(X)","88.6%","(X)","86.3%"
"        Margin of Error","±0.3","±1.2","±0.3","±1.1","±0.5","±0.5","±0.5","±0.6","±1.3","±0.6","±0.8","±0.7","(X)","±1.5","(X)","±0.5","(X)","±0.5","(X)","±0.5","(X)","±0.8","(X)","±0.8","(X)","±1.0","(X)","±1.2","(X)","±0.7","(X)","±1.0","(X)","±0.9"
"    In private school","","","","","","","","","","","","","","","","","","","","","","","","","","","","","","","","","",""
"        Estimate","(X)","31,069","95,530","8,520","31,389","31,651","23,970","38,141","27,348","65,489","28,614","36,875","(X)","24,170","(X)","42,397","(X)","39,199","(X)","16,968","(X)","10,738","(X)","18,352","(X)","19,810","(X)","20,454","(X)","25,592","(X)","11,267","(X)","14,325"
"        Margin of Error","(X)","±1,264","±3,168","±801","±1,447","±1,555","±1,459","±1,713","±1,492","±2,390","±1,611","±1,507","(X)","±1,042","(X)","±1,783","(X)","±1,884","(X)","±1,066","(X)","±868","(X)","±1,210","(X)","±1,122","(X)","±1,153","(X)","±1,422","(X)","±1,025","(X)","±956"
"    Percent in private school","","","","","","","","","","","","","","","","","","","","","","","","","","","","","","","","","",""
"        Estimate","14.0%","38.3%","10.5%","13.7%","11.8%","11.1%","8.1%","13.3%","30.0%","17.3%","16.1%","18.4%","(X)","38.3%","(X)","13.7%","(X)","11.0%","(X)","7.8%","(X)","10.0%","(X)","13.3%","(X)","20.2%","(X)","25.9%","(X)","12.6%","(X)","11.4%","(X)","13.7%"
"        Margin of Error","±0.3","±1.2","±0.3","±1.1","±0.5","±0.5","±0.5","±0.6","±1.3","±0.6","±0.8","±0.7","(X)","±1.5","(X)","±0.5","(X)","±0.5","(X)","±0.5","(X)","±0.8","(X)","±0.8","(X)","±1.0","(X)","±1.2","(X)","±0.7","(X)","±1.0","(X)","±0.9"
"Connecticut","","","","","","","","","","","","","","","","","","","","","","","","","","","","","","","","","",""
"    Total","","","","","","","","","","","","","","","","","","","","","","","","","","","","","","","","","",""
"        Estimate","865,814","50,773","556,073","37,917","154,807","170,616","192,733","195,771","63,197","258,968","111,307","147,661","74,259","44,355","195,164","187,828","214,972","211,814","139,759","136,589","99,951","78,992","238,387","107,839","454,892","51,133","2,099,692","47,264","338,338","162,460","172,301","72,972","166,037","89,488"
"        Margin of Error","±4,659","±1,688","±1,956","±1,633","±2,741","±2,559","±2,282","±3,222","±2,462","±4,025","±2,816","±2,640","±1,891","±1,550","±2,741","±2,797","±2,732","±2,704","±122","±466","±508","±1,247","±540","±2,210","±410","±2,071","±334","±1,716","±322","±2,716","±248","±2,005","±186","±1,751"
"    Percent","","","","","","","","","","","","","","","","","","","","","","","","","","","","","","","","","",""
"        Estimate","(X)","5.9%","64.2%","4.4%","17.9%","19.7%","22.3%","22.6%","7.3%","29.9%","26.4%","33.2%","(X)","59.7%","(X)","96.2%","(X)","98.5%","(X)","97.7%","(X)","79.0%","(X)","45.2%","(X)","11.2%","(X)","2.3%","(X)","48.0%","(X)","42.4%","(X)","53.9%"
"        Margin of Error","(X)","±0.2","±0.4","±0.2","±0.3","±0.3","±0.3","±0.3","±0.3","±0.3","±0.5","±0.4","(X)","±1.9","(X)","±0.4","(X)","±0.2","(X)","±0.3","(X)","±1.1","(X)","±0.9","(X)","±0.5","(X)","±0.1","(X)","±0.8","(X)","±1.2","(X)","±1.1"
"    In public school","","","","","","","","","","","","","","","","","","","","","","","","","","","","","","","","","",""
"        Estimate","(X)","29,785","501,974","34,085","142,418","155,048","170,423","128,728","28,287","157,015","69,305","87,710","(X)","26,695","(X)","169,646","(X)","192,149","(X)","121,477","(X)","52,638","(X)","66,152","(X)","31,171","(X)","28,846","(X)","98,806","(X)","45,748","(X)","53,058"
"        Margin of Error","(X)","±1,313","±2,800","±1,538","±2,854","±2,451","±2,507","±2,704","±1,657","±3,173","±2,140","±2,402","(X)","±1,294","(X)","±2,923","(X)","±2,687","(X)","±1,101","(X)","±1,331","(X)","±1,878","(X)","±1,731","(X)","±1,377","(X)","±2,174","(X)","±1,349","(X)","±1,622"
"    Percent in public school","","","","","","","","","","","","","","","","","","","","","","","","","","","","","","","","","",""
"        Estimate","79.6%","58.7%","90.3%","89.9%","92.0%","90.9%","88.4%","65.8%","44.8%","60.6%","62.3%","59.4%","(X)","60.2%","(X)","90.3%","(X)","90.7%","(X)","88.9%","(X)","66.6%","(X)","61.3%","(X)","61.0%","(X)","61.0%","(X)","60.8%","(X)","62.7%","(X)","59.3%"
"        Margin of Error","±0.4","±1.6","±0.4","±1.4","±0.6","±0.6","±0.7","±0.9","±1.8","±0.8","±1.3","±1.0","(X)","±1.8","(X)","±0.7","(X)","±0.6","(X)","±0.7","(X)","±1.3","(X)","±1.2","(X)","±2.0","(X)","±1.7","(X)","±1.0","(X)","±1.5","(X)","±1.4"
"    In private school","","","","","","","","","","","","","","","","","","","","","","","","","","","","","","","","","",""
"        Estimate","(X)","20,988","54,099","3,832","12,389","15,568","22,310","67,043","34,910","101,953","42,002","59,951","(X)","17,660","(X)","18,182","(X)","19,665","(X)","15,112","(X)","26,354","(X)","41,687","(X)","19,962","(X)","18,418","(X)","63,654","(X)","27,224","(X)","36,430"
"        Margin of Error","(X)","±1,046","±2,245","±557","±940","±1,039","±1,315","±2,072","±1,670","±2,620","±1,915","±1,709","(X)","±935","(X)","±1,252","(X)","±1,207","(X)","±987","(X)","±1,137","(X)","±1,600","(X)","±1,241","(X)","±1,000","(X)","±2,013","(X)","±1,513","(X)","±1,432"
"    Percent in private school","","","","","","","","","","","","","","","","","","","","","","","","","","","","","","","","","",""
"        Estimate","20.4%","41.3%","9.7%","10.1%","8.0%","9.1%","11.6%","34.2%","55.2%","39.4%","37.7%","40.6%","(X)","39.8%","(X)","9.7%","(X)","9.3%","(X)","11.1%","(X)","33.4%","(X)","38.7%","(X)","39.0%","(X)","39.0%","(X)","39.2%","(X)","37.3%","(X)","40.7%"
"        Margin of Error","±0.4","±1.6","±0.4","±1.4","±0.6","±0.6","±0.7","±0.9","±1.8","±0.8","±1.3","±1.0","(X)","±1.8","(X)","±0.7","(X)","±0.6","(X)","±0.7","(X)","±1.3","(X)","±1.2","(X)","±2.0","(X)","±1.7","(X)","±1.0","(X)","±1.5","(X)","±1.4"
"Delaware","","","","","","","","","","","","","","","","","","","","","","","","","","","","","","","","","",""
"    Total","","","","","","","","","","","","","","","","","","","","","","","","","","","","","","","","","",""
"        Estimate","232,283","13,139","152,770","10,867","43,921","47,023","50,959","51,752","14,622","66,374","27,984","38,390","22,647","10,131","57,995","52,527","61,212","58,373","37,854","36,295","26,759","19,849","59,716","25,162","128,909","14,305","594,135","15,641","86,475","37,233","43,324","16,532","43,151","20,701"
"        Margin of Error","±2,631","±995","±1,327","±902","±1,652","±1,802","±1,220","±1,810","±1,143","±2,078","±1,355","±1,512","±910","±802","±1,787","±1,708","±1,787","±1,800","±32","±386","±163","±625","±206","±1,090","±201","±1,291","±125","±1,111","±157","±1,238","±98","±1,038","±134","±924"
"    Percent","","","","","","","","","","","","","","","","","","","","","","","","","","","","","","","","","",""
"        Estimate","(X)","5.7%","65.8%","4.7%","18.9%","20.2%","21.9%","22.3%","6.3%","28.6%","24.9%","32.0%","(X)","44.7%","(X)","90.6%","(X)","95.4%","(X)","95.9%","(X)","74.2%","(X)","42.1%","(X)","11.1%","(X)","2.6%","(X)","43.1%","(X)","38.2%","(X)","48.0%"
"        Margin of Error","(X)","±0.4","±0.7","±0.4","±0.7","±0.8","±0.5","±0.7","±0.5","±0.7","±1.0","±0.9","(X)","±3.0","(X)","±1.3","(X)","±0.8","(X)","±1.0","(X)","±2.3","(X)","±1.8","(X)","±1.0","(X)","±0.2","(X)","±1.4","(X)","±2.4","(X)","±2.1"
"    In public school","","","","","","","","","","","","","","","","","","","","","","","","","","","","","","","","","",""
"        Estimate","(X)","6,624","131,184","9,413","38,373","40,268","43,130","42,620","9,050","51,670","21,424","30,246","(X)","4,892","(X)","45,332","(X)","49,543","(X)","30,652","(X)","17,370","(X)","21,306","(X)","9,974","(X)","10,409","(X)","31,901","(X)","13,711","(X)","18,190"
"        Margin of Error","(X)","±663","±1,847","±866","±1,639","±1,668","±1,266","±1,575","±937","±1,802","±1,257","±1,277","(X)","±661","(X)","±1,782","(X)","±1,817","(X)","±617","(X)","±660","(X)","±1,063","(X)","±1,099","(X)","±952","(X)","±1,261","(X)","±998","(X)","±907"
"    Percent in public school","","","","","","","","","","","","","","","","","","","","","","","","","","","","","","","","","",""
"        Estimate","81.6%","50.4%","85.9%","86.6%","87.4%","85.6%","84.6%","82.4%","61.9%","77.8%","76.6%","78.8%","(X)","48.3%","(X)","86.3%","(X)","84.9%","(X)","84.5%","(X)","87.5%","(X)","84.7%","(X)","69.7%","(X)","66.5%","(X)","85.7%","(X)","82.9%","(X)","87.9%"
"        Margin of Error","±0.7","±3.6","±1.0","±2.5","±1.5","±1.6","±1.5","±1.5","±3.7","±1.4","±2.5","±1.8","(X)","±4.9","(X)","±1.4","(X)","±1.4","(X)","±1.6","(X)","±1.9","(X)","±1.8","(X)","±3.7","(X)","±3.7","(X)","±1.5","(X)","±2.7","(X)","±2.1"
"    In private school","","","","","","","","","","","","","","","","","","","","","","","","","","","","","","","","","",""
"        Estimate","(X)","6,515","21,586","1,454","5,548","6,755","7,829","9,132","5,572","14,704","6,560","8,144","(X)","5,239","(X)","7,195","(X)","8,830","(X)","5,643","(X)","2,479","(X)","3,856","(X)","4,331","(X)","5,232","(X)","5,332","(X)","2,821","(X)","2,511"
"        Margin of Error","(X)","±715","±1,487","±282","±680","±814","±772","±891","±651","±1,085","±773","±809","(X)","±615","(X)","±723","(X)","±858","(X)","±576","(X)","±384","(X)","±473","(X)","±628","(X)","±675","(X)","±583","(X)","±469","(X)","±454"
"    Percent in private school","","","","","","","","","","","","","","","","","","","","","","","","","","","","","","","","","",""
"        Estimate","18.4%","49.6%","14.1%","13.4%","12.6%","14.4%","15.4%","17.6%","38.1%","22.2%","23.4%","21.2%","(X)","51.7%","(X)","13.7%","(X)","15.1%","(X)","15.5%","(X)","12.5%","(X)","15.3%","(X)","30.3%","(X)","33.5%","(X)","14.3%","(X)","17.1%","(X)","12.1%"
"        Margin of Error","±0.7","±3.6","±1.0","±2.5","±1.5","±1.6","±1.5","±1.5","±3.7","±1.4","±2.5","±1.8","(X)","±4.9","(X)","±1.4","(X)","±1.4","(X)","±1.6","(X)","±1.9","(X)","±1.8","(X)","±3.7","(X)","±3.7","(X)","±1.5","(X)","±2.7","(X)","±2.1"
"District of Columbia","","","","","","","","","","","","","","","","","","","","","","","","","","","","","","","","","",""
"    Total","","","","","","","","","","","","","","","","","","","","","","","","","","","","","","","","","",""
"        Estimate","161,200","14,403","86,251","8,353","28,035","25,783","24,080","37,789","22,757","60,546","26,588","33,958","16,537","13,064","36,783","35,238","33,200","31,748","16,878","16,281","19,361","17,171","45,700","19,340","150,199","17,427","338,720","10,931","65,061","33,129","29,084","13,869","35,977","19,260"
"        Margin of Error","±2,296","±898","±1,426","±895","±1,482","±1,389","±1,045","±1,267","±1,336","±1,837","±1,273","±1,261","±852","±842","±1,395","±1,424","±1,393","±1,407","±21","±170","±570","±704","±574","±1,041","±103","±1,276","±66","±1,077","±74","±1,061","±59","±782","±51","±773"
"    Percent","","","","","","","","","","","","","","","","","","","","","","","","","","","","","","","","","",""
"        Estimate","(X)","8.9%","53.5%","5.2%","17.4%","16.0%","14.9%","23.4%","14.1%","37.6%","34.3%","40.6%","(X)","79.0%","(X)","95.8%","(X)","95.6%","(X)","96.5%","(X)","88.7%","(X)","42.3%","(X)","11.6%","(X)","3.2%","(X)","50.9%","(X)","47.7%","(X)","53.5%"
"        Margin of Error","(X)","±0.5","±0.9","±0.6","±0.9","±0.8","±0.6","±0.7","±0.7","±0.8","±1.2","±1.0","(X)","±3.7","(X)","±1.4","(X)","±1.6","(X)","±1.0","(X)","±2.0","(X)","±2.2","(X)","±0.8","(X)","±0.3","(X)","±1.6","(X)","±2.7","(X)","±2.1"
"    In public school","","","","","","","","","","","","","","","","","","","","","","","","","","","","","","","","","",""
"        Estimate","(X)","10,671","70,460","7,449","23,306","20,844","18,861","10,645","6,585","17,230","8,246","8,984","(X)","9,712","(X)","29,970","(X)","25,363","(X)","12,425","(X)","4,133","(X)","4,110","(X)","6,519","(X)","6,129","(X)","5,732","(X)","3,152","(X)","2,580"
"        Margin of Error","(X)","±693","±1,723","±834","±1,401","±1,374","±875","±1,179","±695","±1,383","±895","±1,011","(X)","±753","(X)","±1,502","(X)","±1,475","(X)","±408","(X)","±644","(X)","±557","(X)","±866","(X)","±750","(X)","±775","(X)","±532","(X)","±589"
"    Percent in public school","","","","","","","","","","","","","","","","","","","","","","","","","","","","","","","","","",""
"        Estimate","61.0%","74.1%","81.7%","89.2%","83.1%","80.8%","78.3%","28.2%","28.9%","28.5%","31.0%","26.5%","(X)","74.3%","(X)","85.1%","(X)","79.9%","(X)","76.3%","(X)","24.1%","(X)","21.3%","(X)","37.4%","(X)","56.1%","(X)","17.3%","(X)","22.7%","(X)","13.4%"
"        Margin of Error","±1.0","±3.5","±1.5","±3.1","±2.5","±2.4","±2.0","±2.6","±2.7","±1.9","±2.9","±2.6","(X)","±3.9","(X)","±2.2","(X)","±2.3","(X)","±2.4","(X)","±3.3","(X)","±2.6","(X)","±4.2","(X)","±4.1","(X)","±2.2","(X)","±3.7","(X)","±2.9"
"    In private school","","","","","","","","","","","","","","","","","","","","","","","","","","","","","","","","","",""
"        Estimate","(X)","3,732","15,791","904","4,729","4,939","5,219","27,144","16,172","43,316","18,342","24,974","(X)","3,352","(X)","5,268","(X)","6,385","(X)","3,856","(X)","13,038","(X)","15,230","(X)","10,908","(X)","4,802","(X)","27,397","(X)","10,717","(X)","16,680"
"        Margin of Error","(X)","±617","±1,310","±279","±744","±633","±555","±984","±1,172","±1,491","±1,097","±1,147","(X)","±578","(X)","±803","(X)","±716","(X)","±393","(X)","±620","(X)","±932","(X)","±1,097","(X)","±643","(X)","±1,068","(X)","±800","(X)","±770"
"    Percent in private school","","","","","","","","","","","","","","","","","","","","","","","","","","","","","","","","","",""
"        Estimate","39.0%","25.9%","18.3%","10.8%","16.9%","19.2%","21.7%","71.8%","71.1%","71.5%","69.0%","73.5%","(X)","25.7%","(X)","14.9%","(X)","20.1%","(X)","23.7%","(X)","75.9%","(X)","78.7%","(X)","62.6%","(X)","43.9%","(X)","82.7%","(X)","77.3%","(X)","86.6%"
"        Margin of Error","±1.0","±3.5","±1.5","±3.1","±2.5","±2.4","±2.0","±2.6","±2.7","±1.9","±2.9","±2.6","(X)","±3.9","(X)","±2.2","(X)","±2.3","(X)","±2.4","(X)","±3.3","(X)","±2.6","(X)","±4.2","(X)","±4.1","(X)","±2.2","(X)","±3.7","(X)","±2.9"
"Florida","","","","","","","","","","","","","","","","","","","","","","","","","","","","","","","","","",""
"    Total","","","","","","","","","","","","","","","","","","","","","","","","","","","","","","","","","",""
"        Estimate","4,890,026","289,484","3,239,891","247,437","949,232","1,006,803","1,036,419","1,073,158","287,493","1,360,651","589,090","771,561","480,438","235,056","1,184,645","1,122,091","1,280,300","1,249,270","783,536","753,927","514,200","377,849","1,298,647","523,663","2,838,327","316,367","13,390,073","311,803","1,812,847","753,709","921,638","337,375","891,209","416,334"
"        Margin of Error","±13,099","±5,467","±6,902","±4,565","±7,523","±8,461","±5,971","±9,500","±4,987","±10,740","±7,772","±6,567","±5,668","±5,043","±7,914","±7,721","±8,227","±8,205","±752","±1,714","±1,465","±3,069","±1,706","±5,546","±2,008","±5,642","±1,736","±5,819","±1,325","±6,077","±1,061","±4,797","±831","±4,182"
"    Percent","","","","","","","","","","","","","","","","","","","","","","","","","","","","","","","","","",""
"        Estimate","(X)","5.9%","66.3%","5.1%","19.4%","20.6%","21.2%","21.9%","5.9%","27.8%","24.5%","31.1%","(X)","48.9%","(X)","94.7%","(X)","97.6%","(X)","96.2%","(X)","73.5%","(X)","40.3%","(X)","11.1%","(X)","2.3%","(X)","41.6%","(X)","36.6%","(X)","46.7%"
"        Margin of Error","(X)","±0.1","±0.2","±0.1","±0.2","±0.2","±0.1","±0.2","±0.1","±0.2","±0.3","±0.2","(X)","±0.9","(X)","±0.2","(X)","±0.1","(X)","±0.2","(X)","±0.5","(X)","±0.4","(X)","±0.2","(X)","±0.1","(X)","±0.3","(X)","±0.5","(X)","±0.5"
"    In public school","","","","","","","","","","","","","","","","","","","","","","","","","","","","","","","","","",""
"        Estimate","(X)","152,792","2,726,347","199,808","790,049","842,631","893,859","829,636","169,777","999,413","437,514","561,899","(X)","123,989","(X)","911,778","(X)","1,048,466","(X)","647,539","(X)","308,550","(X)","410,594","(X)","225,110","(X)","202,526","(X)","590,285","(X)","264,712","(X)","325,573"
"        Margin of Error","(X)","±4,071","±9,976","±4,073","±7,440","±7,515","±6,445","±8,665","±4,291","±10,196","±6,815","±6,058","(X)","±4,046","(X)","±7,099","(X)","±7,934","(X)","±3,458","(X)","±3,430","(X)","±6,202","(X)","±5,108","(X)","±5,185","(X)","±6,455","(X)","±4,713","(X)","±4,055"
"    Percent in public school","","","","","","","","","","","","","","","","","","","","","","","","","","","","","","","","","",""
"        Estimate","79.3%","52.8%","84.1%","80.8%","83.2%","83.7%","86.2%","77.3%","59.1%","73.5%","74.3%","72.8%","(X)","52.7%","(X)","81.3%","(X)","83.9%","(X)","85.9%","(X)","81.7%","(X)","78.4%","(X)","71.2%","(X)","65.0%","(X)","78.3%","(X)","78.5%","(X)","78.2%"
"        Margin of Error","±0.2","±1.1","±0.2","±0.8","±0.5","±0.3","±0.4","±0.4","±1.0","±0.4","±0.6","±0.5","(X)","±1.3","(X)","±0.4","(X)","±0.3","(X)","±0.4","(X)","±0.5","(X)","±0.7","(X)","±0.9","(X)","±1.0","(X)","±0.5","(X)","±0.7","(X)","±0.7"
"    In private school","","","","","","","","","","","","","","","","","","","","","","","","","","","","","","","","","",""
"        Estimate","(X)","136,692","513,544","47,629","159,183","164,172","142,560","243,522","117,716","361,238","151,576","209,662","(X)","111,067","(X)","210,313","(X)","200,804","(X)","106,388","(X)","69,299","(X)","113,069","(X)","91,257","(X)","109,277","(X)","163,424","(X)","72,663","(X)","90,761"
"        Margin of Error","(X)","±4,242","±7,868","±2,120","±4,922","±3,550","±3,856","±4,924","±3,289","±6,037","±3,749","±4,515","(X)","±3,851","(X)","±5,012","(X)","±3,931","(X)","±2,979","(X)","±2,079","(X)","±3,715","(X)","±3,009","(X)","±3,585","(X)","±4,187","(X)","±2,500","(X)","±3,282"
"    Percent in private school","","","","","","","","","","","","","","","","","","","","","","","","","","","","","","","","","",""
"        Estimate","20.7%","47.2%","15.9%","19.2%","16.8%","16.3%","13.8%","22.7%","40.9%","26.5%","25.7%","27.2%","(X)","47.3%","(X)","18.7%","(X)","16.1%","(X)","14.1%","(X)","18.3%","(X)","21.6%","(X)","28.8%","(X)","35.0%","(X)","21.7%","(X)","21.5%","(X)","21.8%"
"        Margin of Error","±0.2","±1.1","±0.2","±0.8","±0.5","±0.3","±0.4","±0.4","±1.0","±0.4","±0.6","±0.5","(X)","±1.3","(X)","±0.4","(X)","±0.3","(X)","±0.4","(X)","±0.5","(X)","±0.7","(X)","±0.9","(X)","±1.0","(X)","±0.5","(X)","±0.7","(X)","±0.7"
"Georgia","","","","","","","","","","","","","","","","","","","","","","","","","","","","","","","","","",""
"    Total","","","","","","","","","","","","","","","","","","","","","","","","","","","","","","","","","",""
"        Estimate","2,760,030","160,498","1,902,909","140,743","548,814","589,624","623,728","543,421","153,202","696,623","291,806","404,817","265,699","124,108","688,482","652,620","748,856","731,214","467,930","449,471","303,101","214,746","735,987","278,539","1,505,865","157,461","5,853,956","151,871","1,039,088","394,825","529,397","175,044","509,691","219,781"
"        Margin of Error","±7,878","±3,327","±4,855","±3,481","±6,008","±6,690","±4,165","±5,846","±3,520","±6,519","±4,803","±5,015","±3,357","±2,752","±6,196","±6,551","±6,314","±6,188","±1,084","±1,728","±2,001","±2,496","±2,397","±4,662","±3,019","±3,816","±2,297","±3,816","±1,912","±4,670","±1,556","±3,027","±1,163","±3,659"
"    Percent","","","","","","","","","","","","","","","","","","","","","","","","","","","","","","","","","",""
"        Estimate","(X)","5.8%","68.9%","5.1%","19.9%","21.4%","22.6%","19.7%","5.6%","25.2%","21.6%","28.7%","(X)","46.7%","(X)","94.8%","(X)","97.6%","(X)","96.1%","(X)","70.8%","(X)","37.8%","(X)","10.5%","(X)","2.6%","(X)","38.0%","(X)","33.1%","(X)","43.1%"
"        Margin of Error","(X)","±0.1","±0.2","±0.1","±0.2","±0.3","±0.2","±0.2","±0.1","±0.2","±0.3","±0.3","(X)","±1.0","(X)","±0.3","(X)","±0.2","(X)","±0.3","(X)","±0.7","(X)","±0.6","(X)","±0.2","(X)","±0.1","(X)","±0.5","(X)","±0.6","(X)","±0.7"
"    In public school","","","","","","","","","","","","","","","","","","","","","","","","","","","","","","","","","",""
"        Estimate","(X)","99,080","1,672,718","120,372","483,569","516,668","552,109","445,689","100,693","546,382","233,947","312,435","(X)","73,589","(X)","565,610","(X)","640,989","(X)","398,047","(X)","182,846","(X)","229,849","(X)","120,213","(X)","107,037","(X)","325,510","(X)","147,495","(X)","178,015"
"        Margin of Error","(X)","±3,054","±7,307","±3,188","±6,104","±6,915","±4,824","±5,381","±2,975","±5,716","±3,944","±4,611","(X)","±2,549","(X)","±6,304","(X)","±6,763","(X)","±2,392","(X)","±2,796","(X)","±4,722","(X)","±3,225","(X)","±3,441","(X)","±4,873","(X)","±2,873","(X)","±3,784"
"    Percent in public school","","","","","","","","","","","","","","","","","","","","","","","","","","","","","","","","","",""
"        Estimate","84.0%","61.7%","87.9%","85.5%","88.1%","87.6%","88.5%","82.0%","65.7%","78.4%","80.2%","77.2%","(X)","59.3%","(X)","86.7%","(X)","87.7%","(X)","88.6%","(X)","85.1%","(X)","82.5%","(X)","76.3%","(X)","70.5%","(X)","82.4%","(X)","84.3%","(X)","81.0%"
"        Margin of Error","±0.3","±1.4","±0.3","±1.0","±0.5","±0.5","±0.4","±0.5","±1.1","±0.4","±0.7","±0.6","(X)","±1.5","(X)","±0.5","(X)","±0.5","(X)","±0.4","(X)","±0.7","(X)","±0.7","(X)","±1.0","(X)","±1.2","(X)","±0.6","(X)","±0.8","(X)","±0.7"
"    In private school","","","","","","","","","","","","","","","","","","","","","","","","","","","","","","","","","",""
"        Estimate","(X)","61,418","230,191","20,371","65,245","72,956","71,619","97,732","52,509","150,241","57,859","92,382","(X)","50,519","(X)","87,010","(X)","90,225","(X)","51,424","(X)","31,900","(X)","48,690","(X)","37,248","(X)","44,834","(X)","69,315","(X)","27,549","(X)","41,766"
"        Margin of Error","(X)","±2,583","±5,287","±1,567","±2,675","±3,152","±2,368","±2,896","±2,065","±3,267","±2,526","±2,463","(X)","±2,105","(X)","±3,357","(X)","±3,380","(X)","±1,744","(X)","±1,557","(X)","±2,025","(X)","±1,924","(X)","±1,940","(X)","±2,144","(X)","±1,568","(X)","±1,478"
"    Percent in private school","","","","","","","","","","","","","","","","","","","","","","","","","","","","","","","","","",""
"        Estimate","16.0%","38.3%","12.1%","14.5%","11.9%","12.4%","11.5%","18.0%","34.3%","21.6%","19.8%","22.8%","(X)","40.7%","(X)","13.3%","(X)","12.3%","(X)","11.4%","(X)","14.9%","(X)","17.5%","(X)","23.7%","(X)","29.5%","(X)","17.6%","(X)","15.7%","(X)","19.0%"
"        Margin of Error","±0.3","±1.4","±0.3","±1.0","±0.5","±0.5","±0.4","±0.5","±1.1","±0.4","±0.7","±0.6","(X)","±1.5","(X)","±0.5","(X)","±0.5","(X)","±0.4","(X)","±0.7","(X)","±0.7","(X)","±1.0","(X)","±1.2","(X)","±0.6","(X)","±0.8","(X)","±0.7"
"Hawaii","","","","","","","","","","","","","","","","","","","","","","","","","","","","","","","","","",""
"    Total","","","","","","","","","","","","","","","","","","","","","","","","","","","","","","","","","",""
"        Estimate","318,370","18,490","211,738","16,641","65,088","65,596","64,413","68,334","19,808","88,142","40,811","47,331","33,366","14,567","82,721","77,340","87,705","84,117","48,025","46,038","29,352","18,309","87,077","29,103","191,594","23,840","838,603","25,056","116,429","40,980","64,130","18,791","52,299","22,189"
"        Margin of Error","±2,455","±1,026","±1,271","±958","±1,504","±1,378","±1,109","±1,811","±1,091","±2,074","±1,438","±1,478","±1,145","±872","±1,638","±1,686","±1,658","±1,625","±103","±320","±169","±652","±355","±1,144","±286","±1,103","±293","±1,084","±301","±1,351","±296","±949","±63","±962"
"    Percent","","","","","","","","","","","","","","","","","","","","","","","","","","","","","","","","","",""
"        Estimate","(X)","5.8%","66.5%","5.2%","20.4%","20.6%","20.2%","21.5%","6.2%","27.7%","25.6%","29.8%","(X)","43.7%","(X)","93.5%","(X)","95.9%","(X)","95.9%","(X)","62.4%","(X)","33.4%","(X)","12.4%","(X)","3.0%","(X)","35.2%","(X)","29.3%","(X)","42.4%"
"        Margin of Error","(X)","±0.3","±0.5","±0.3","±0.5","±0.4","±0.3","±0.5","±0.3","±0.5","±0.7","±0.7","(X)","±2.0","(X)","±0.7","(X)","±0.6","(X)","±0.6","(X)","±2.2","(X)","±1.3","(X)","±0.6","(X)","±0.1","(X)","±1.2","(X)","±1.5","(X)","±1.8"
"    In public school","","","","","","","","","","","","","","","","","","","","","","","","","","","","","","","","","",""
"        Estimate","(X)","6,574","167,516","12,999","52,632","51,495","50,390","53,126","12,694","65,820","31,194","34,626","(X)","5,151","(X)","60,464","(X)","66,121","(X)","35,817","(X)","14,149","(X)","22,470","(X)","17,680","(X)","18,058","(X)","31,610","(X)","15,016","(X)","16,594"
"        Margin of Error","(X)","±566","±1,778","±913","±1,410","±1,406","±1,112","±1,783","±862","±1,897","±1,351","±1,339","(X)","±542","(X)","±1,625","(X)","±1,588","(X)","±739","(X)","±599","(X)","±1,065","(X)","±996","(X)","±935","(X)","±1,250","(X)","±845","(X)","±863"
"    Percent in public school","","","","","","","","","","","","","","","","","","","","","","","","","","","","","","","","","",""
"        Estimate","75.4%","35.6%","79.1%","78.1%","80.9%","78.5%","78.2%","77.7%","64.1%","74.7%","76.4%","73.2%","(X)","35.4%","(X)","78.2%","(X)","78.6%","(X)","77.8%","(X)","77.3%","(X)","77.2%","(X)","74.2%","(X)","72.1%","(X)","77.1%","(X)","79.9%","(X)","74.8%"
"        Margin of Error","±0.7","±2.5","±0.7","±2.6","±1.3","±1.4","±1.2","±1.4","±2.5","±1.2","±1.8","±1.6","(X)","±3.2","(X)","±1.2","(X)","±1.1","(X)","±1.5","(X)","±2.2","(X)","±1.9","(X)","±2.3","(X)","±2.1","(X)","±1.6","(X)","±2.4","(X)","±2.3"
"    In private school","","","","","","","","","","","","","","","","","","","","","","","","","","","","","","","","","",""
"        Estimate","(X)","11,916","44,222","3,642","12,456","14,101","14,023","15,208","7,114","22,322","9,617","12,705","(X)","9,416","(X)","16,876","(X)","17,996","(X)","10,221","(X)","4,160","(X)","6,633","(X)","6,160","(X)","6,998","(X)","9,370","(X)","3,775","(X)","5,595"
"        Margin of Error","(X)","±827","±1,619","±462","±933","±942","±842","±959","±633","±1,146","±813","±834","(X)","±753","(X)","±1,005","(X)","±978","(X)","±691","(X)","±455","(X)","±595","(X)","±614","(X)","±623","(X)","±732","(X)","±509","(X)","±575"
"    Percent in private school","","","","","","","","","","","","","","","","","","","","","","","","","","","","","","","","","",""
"        Estimate","24.6%","64.4%","20.9%","21.9%","19.1%","21.5%","21.8%","22.3%","35.9%","25.3%","23.6%","26.8%","(X)","64.6%","(X)","21.8%","(X)","21.4%","(X)","22.2%","(X)","22.7%","(X)","22.8%","(X)","25.8%","(X)","27.9%","(X)","22.9%","(X)","20.1%","(X)","25.2%"
"        Margin of Error","±0.7","±2.5","±0.7","±2.6","±1.3","±1.4","±1.2","±1.4","±2.5","±1.2","±1.8","±1.6","(X)","±3.2","(X)","±1.2","(X)","±1.1","(X)","±1.5","(X)","±2.2","(X)","±1.9","(X)","±2.3","(X)","±2.1","(X)","±1.6","(X)","±2.4","(X)","±2.3"
"Idaho","","","","","","","","","","","","","","","","","","","","","","","","","","","","","","","","","",""
"    Total","","","","","","","","","","","","","","","","","","","","","","","","","","","","","","","","","",""
"        Estimate","492,784","24,496","346,507","23,533","101,954","110,665","110,355","102,282","19,499","121,781","55,012","66,769","48,536","18,303","127,254","118,502","138,926","136,632","86,255","82,254","61,451","39,670","128,443","46,508","251,814","28,417","1,026,371","22,498","189,894","71,636","95,412","32,144","94,482","39,492"
"        Margin of Error","±2,974","±1,180","±1,650","±1,338","±2,196","±1,891","±1,435","±2,279","±1,351","±2,565","±1,636","±1,930","±1,293","±995","±1,888","±1,843","±1,905","±1,856","±466","±672","±788","±1,095","±895","±1,368","±988","±1,375","±842","±1,293","±798","±1,612","±546","±1,105","±535","±1,317"
"    Percent","","","","","","","","","","","","","","","","","","","","","","","","","","","","","","","","","",""
"        Estimate","(X)","5.0%","70.3%","4.8%","20.7%","22.5%","22.4%","20.8%","4.0%","24.7%","22.4%","27.0%","(X)","37.7%","(X)","93.1%","(X)","98.3%","(X)","95.4%","(X)","64.6%","(X)","36.2%","(X)","11.3%","(X)","2.2%","(X)","37.7%","(X)","33.7%","(X)","41.8%"
"        Margin of Error","(X)","±0.2","±0.5","±0.3","±0.4","±0.4","±0.3","±0.4","±0.3","±0.4","±0.6","±0.6","(X)","±1.9","(X)","±0.5","(X)","±0.3","(X)","±0.5","(X)","±1.8","(X)","±1.0","(X)","±0.5","(X)","±0.1","(X)","±0.8","(X)","±1.2","(X)","±1.4"
"    In public school","","","","","","","","","","","","","","","","","","","","","","","","","","","","","","","","","",""
"        Estimate","(X)","11,631","300,404","19,415","86,769","95,848","98,372","72,804","14,998","87,802","39,451","48,351","(X)","8,444","(X)","98,443","(X)","117,966","(X)","73,711","(X)","30,208","(X)","32,802","(X)","21,615","(X)","16,648","(X)","50,161","(X)","22,720","(X)","27,441"
"        Margin of Error","(X)","±798","±2,456","±1,230","±1,985","±1,833","±1,521","±2,223","±1,170","±2,301","±1,507","±1,639","(X)","±738","(X)","±1,811","(X)","±2,041","(X)","±881","(X)","±1,155","(X)","±1,222","(X)","±1,274","(X)","±1,085","(X)","±1,743","(X)","±1,124","(X)","±1,265"
"    Percent in public school","","","","","","","","","","","","","","","","","","","","","","","","","","","","","","","","","",""
"        Estimate","81.1%","47.5%","86.7%","82.5%","85.1%","86.6%","89.1%","71.2%","76.9%","72.1%","71.7%","72.4%","(X)","46.1%","(X)","83.1%","(X)","86.3%","(X)","89.6%","(X)","76.1%","(X)","70.5%","(X)","76.1%","(X)","74.0%","(X)","70.0%","(X)","70.7%","(X)","69.5%"
"        Margin of Error","±0.6","±2.4","±0.6","±1.6","±0.9","±1.0","±0.8","±1.5","±2.5","±1.3","±1.6","±1.9","(X)","±3.2","(X)","±0.8","(X)","±1.0","(X)","±0.9","(X)","±2.4","(X)","±1.8","(X)","±2.2","(X)","±2.2","(X)","±1.8","(X)","±2.3","(X)","±2.5"
"    In private school","","","","","","","","","","","","","","","","","","","","","","","","","","","","","","","","","",""
"        Estimate","(X)","12,865","46,103","4,118","15,185","14,817","11,983","29,478","4,501","33,979","15,561","18,418","(X)","9,859","(X)","20,059","(X)","18,666","(X)","8,543","(X)","9,462","(X)","13,706","(X)","6,802","(X)","5,850","(X)","21,475","(X)","9,424","(X)","12,051"
"        Margin of Error","(X)","±875","±2,265","±401","±1,034","±1,188","±958","±1,688","±568","±1,860","±962","±1,462","(X)","±790","(X)","±1,058","(X)","±1,356","(X)","±761","(X)","±1,017","(X)","±938","(X)","±687","(X)","±588","(X)","±1,380","(X)","±783","(X)","±1,119"
"    Percent in private school","","","","","","","","","","","","","","","","","","","","","","","","","","","","","","","","","",""
"        Estimate","18.9%","52.5%","13.3%","17.5%","14.9%","13.4%","10.9%","28.8%","23.1%","27.9%","28.3%","27.6%","(X)","53.9%","(X)","16.9%","(X)","13.7%","(X)","10.4%","(X)","23.9%","(X)","29.5%","(X)","23.9%","(X)","26.0%","(X)","30.0%","(X)","29.3%","(X)","30.5%"
"        Margin of Error","±0.6","±2.4","±0.6","±1.6","±0.9","±1.0","±0.8","±1.5","±2.5","±1.3","±1.6","±1.9","(X)","±3.2","(X)","±0.8","(X)","±1.0","(X)","±0.9","(X)","±2.4","(X)","±1.8","(X)","±2.2","(X)","±2.2","(X)","±1.8","(X)","±2.3","(X)","±2.5"
"Illinois","","","","","","","","","","","","","","","","","","","","","","","","","","","","","","","","","",""
"    Total","","","","","","","","","","","","","","","","","","","","","","","","","","","","","","","","","",""
"        Estimate","3,051,569","193,572","2,052,661","149,971","594,436","633,822","674,432","604,396","200,940","805,336","355,416","449,920","288,412","147,270","764,647","720,383","806,396","786,803","511,085","492,226","328,871","242,514","825,584","327,122","1,726,336","179,945","7,040,668","155,306","1,154,455","477,462","588,274","221,504","566,181","255,958"
"        Margin of Error","±8,399","±3,577","±4,622","±3,292","±4,851","±5,741","±4,449","±6,201","±4,366","±7,139","±4,453","±5,280","±3,260","±3,250","±6,032","±5,720","±5,970","±5,954","±468","±1,409","±1,051","±2,381","±1,272","±3,737","±924","±3,251","±1,102","±3,480","±1,041","±4,469","±755","±3,133","±757","±3,355"
"    Percent","","","","","","","","","","","","","","","","","","","","","","","","","","","","","","","","","",""
"        Estimate","(X)","6.3%","67.3%","4.9%","19.5%","20.8%","22.1%","19.8%","6.6%","26.4%","23.6%","29.1%","(X)","51.1%","(X)","94.2%","(X)","97.6%","(X)","96.3%","(X)","73.7%","(X)","39.6%","(X)","10.4%","(X)","2.2%","(X)","41.4%","(X)","37.7%","(X)","45.2%"
"        Margin of Error","(X)","±0.1","±0.2","±0.1","±0.2","±0.2","±0.1","±0.2","±0.1","±0.2","±0.2","±0.3","(X)","±0.9","(X)","±0.2","(X)","±0.2","(X)","±0.2","(X)","±0.7","(X)","±0.4","(X)","±0.2","(X)","±0.1","(X)","±0.4","(X)","±0.5","(X)","±0.6"
"    In public school","","","","","","","","","","","","","","","","","","","","","","","","","","","","","","","","","",""
"        Estimate","(X)","117,273","1,802,637","127,246","514,191","557,139","604,061","435,667","101,839","537,506","240,969","296,537","(X)","88,618","(X)","608,897","(X)","692,183","(X)","442,441","(X)","185,857","(X)","223,492","(X)","112,607","(X)","103,321","(X)","327,909","(X)","155,985","(X)","171,924"
"        Margin of Error","(X)","±3,010","±7,032","±2,985","±4,835","±5,366","±4,716","±5,639","±2,898","±6,056","±3,830","±4,111","(X)","±2,715","(X)","±5,992","(X)","±5,631","(X)","±2,468","(X)","±2,518","(X)","±3,583","(X)","±2,575","(X)","±2,998","(X)","±4,139","(X)","±2,871","(X)","±2,790"
"    Percent in public school","","","","","","","","","","","","","","","","","","","","","","","","","","","","","","","","","",""
"        Estimate","80.5%","60.6%","87.8%","84.8%","86.5%","87.9%","89.6%","72.1%","50.7%","66.7%","67.8%","65.9%","(X)","60.2%","(X)","84.5%","(X)","88.0%","(X)","89.9%","(X)","76.6%","(X)","68.3%","(X)","62.6%","(X)","66.5%","(X)","68.7%","(X)","70.4%","(X)","67.2%"
"        Margin of Error","±0.2","±0.9","±0.3","±0.7","±0.4","±0.4","±0.4","±0.6","±0.9","±0.5","±0.7","±0.6","(X)","±1.1","(X)","±0.4","(X)","±0.4","(X)","±0.4","(X)","±0.7","(X)","±0.8","(X)","±1.1","(X)","±1.1","(X)","±0.6","(X)","±0.8","(X)","±0.9"
"    In private school","","","","","","","","","","","","","","","","","","","","","","","","","","","","","","","","","",""
"        Estimate","(X)","76,299","250,024","22,725","80,245","76,683","70,371","168,729","99,101","267,830","114,447","153,383","(X)","58,652","(X)","111,486","(X)","94,620","(X)","49,785","(X)","56,657","(X)","103,630","(X)","67,338","(X)","51,985","(X)","149,553","(X)","65,519","(X)","84,034"
"        Margin of Error","(X)","±2,052","±5,297","±1,199","±2,301","±2,614","±2,536","±3,874","±2,853","±4,556","±2,887","±3,684","(X)","±1,881","(X)","±2,688","(X)","±2,974","(X)","±2,029","(X)","±1,679","(X)","±2,710","(X)","±2,451","(X)","±1,885","(X)","±3,354","(X)","±1,983","(X)","±2,702"
"    Percent in private school","","","","","","","","","","","","","","","","","","","","","","","","","","","","","","","","","",""
"        Estimate","19.5%","39.4%","12.2%","15.2%","13.5%","12.1%","10.4%","27.9%","49.3%","33.3%","32.2%","34.1%","(X)","39.8%","(X)","15.5%","(X)","12.0%","(X)","10.1%","(X)","23.4%","(X)","31.7%","(X)","37.4%","(X)","33.5%","(X)","31.3%","(X)","29.6%","(X)","32.8%"
"        Margin of Error","±0.2","±0.9","±0.3","±0.7","±0.4","±0.4","±0.4","±0.6","±0.9","±0.5","±0.7","±0.6","(X)","±1.1","(X)","±0.4","(X)","±0.4","(X)","±0.4","(X)","±0.7","(X)","±0.8","(X)","±1.1","(X)","±1.1","(X)","±0.6","(X)","±0.8","(X)","±0.9"
"Indiana","","","","","","","","","","","","","","","","","","","","","","","","","","","","","","","","","",""
"    Total","","","","","","","","","","","","","","","","","","","","","","","","","","","","","","","","","",""
"        Estimate","1,654,330","95,949","1,159,583","86,508","345,971","361,176","365,928","315,023","83,775","398,798","177,893","220,905","171,438","68,124","438,937","404,368","460,569","449,313","285,680","274,231","189,109","134,249","471,539","169,287","900,216","80,709","3,695,788","74,049","660,648","249,574","338,818","114,260","321,830","135,314"
"        Margin of Error","±6,062","±2,789","±3,266","±2,159","±3,706","±4,322","±2,611","±4,211","±2,558","±4,991","±3,022","±3,257","±2,491","±2,227","±3,958","±4,105","±4,032","±4,136","±567","±1,060","±1,378","±1,678","±1,602","±3,034","±1,651","±2,086","±1,440","±2,555","±1,147","±3,332","±1,005","±2,054","±723","±2,267"
"    Percent","","","","","","","","","","","","","","","","","","","","","","","","","","","","","","","","","",""
"        Estimate","(X)","5.8%","70.1%","5.2%","20.9%","21.8%","22.1%","19.0%","5.1%","24.1%","21.6%","26.6%","(X)","39.7%","(X)","92.1%","(X)","97.6%","(X)","96.0%","(X)","71.0%","(X)","35.9%","(X)","9.0%","(X)","2.0%","(X)","37.8%","(X)","33.7%","(X)","42.0%"
"        Margin of Error","(X)","±0.2","±0.3","±0.1","±0.2","±0.3","±0.2","±0.2","±0.1","±0.2","±0.3","±0.3","(X)","±1.2","(X)","±0.4","(X)","±0.3","(X)","±0.3","(X)","±0.8","(X)","±0.6","(X)","±0.2","(X)","±0.1","(X)","±0.5","(X)","±0.6","(X)","±0.7"
"    In public school","","","","","","","","","","","","","","","","","","","","","","","","","","","","","","","","","",""
"        Estimate","(X)","55,101","990,711","72,487","289,913","306,295","322,016","245,266","59,391","304,657","135,619","169,038","(X)","38,881","(X)","332,460","(X)","381,230","(X)","240,811","(X)","108,703","(X)","129,391","(X)","64,312","(X)","54,681","(X)","190,391","(X)","87,395","(X)","102,996"
"        Margin of Error","(X)","±2,127","±4,630","±2,031","±3,611","±3,686","±2,941","±3,869","±2,109","±4,221","±2,650","±2,970","(X)","±1,697","(X)","±4,025","(X)","±4,056","(X)","±1,751","(X)","±1,846","(X)","±2,786","(X)","±2,092","(X)","±2,050","(X)","±2,966","(X)","±2,063","(X)","±1,891"
"    Percent in public school","","","","","","","","","","","","","","","","","","","","","","","","","","","","","","","","","",""
"        Estimate","81.6%","57.4%","85.4%","83.8%","83.8%","84.8%","88.0%","77.9%","70.9%","76.4%","76.2%","76.5%","(X)","57.1%","(X)","82.2%","(X)","84.8%","(X)","87.8%","(X)","81.0%","(X)","76.4%","(X)","79.7%","(X)","73.8%","(X)","76.3%","(X)","76.5%","(X)","76.1%"
"        Margin of Error","±0.3","±1.3","±0.3","±0.9","±0.6","±0.6","±0.4","±0.6","±1.3","±0.5","±0.9","±0.7","(X)","±1.5","(X)","±0.6","(X)","±0.5","(X)","±0.5","(X)","±0.9","(X)","±0.8","(X)","±1.4","(X)","±1.3","(X)","±0.6","(X)","±1.1","(X)","±0.8"
"    In private school","","","","","","","","","","","","","","","","","","","","","","","","","","","","","","","","","",""
"        Estimate","(X)","40,848","168,872","14,021","56,058","54,881","43,912","69,757","24,384","94,141","42,274","51,867","(X)","29,243","(X)","71,908","(X)","68,083","(X)","33,420","(X)","25,546","(X)","39,896","(X)","16,397","(X)","19,368","(X)","59,183","(X)","26,865","(X)","32,318"
"        Margin of Error","(X)","±1,612","±3,862","±867","±2,061","±2,292","±1,583","±2,019","±1,322","±2,474","±1,854","±1,836","(X)","±1,338","(X)","±2,467","(X)","±2,549","(X)","±1,421","(X)","±1,172","(X)","±1,523","(X)","±1,163","(X)","±1,209","(X)","±1,696","(X)","±1,256","(X)","±1,348"
"    Percent in private school","","","","","","","","","","","","","","","","","","","","","","","","","","","","","","","","","",""
"        Estimate","18.4%","42.6%","14.6%","16.2%","16.2%","15.2%","12.0%","22.1%","29.1%","23.6%","23.8%","23.5%","(X)","42.9%","(X)","17.8%","(X)","15.2%","(X)","12.2%","(X)","19.0%","(X)","23.6%","(X)","20.3%","(X)","26.2%","(X)","23.7%","(X)","23.5%","(X)","23.9%"
"        Margin of Error","±0.3","±1.3","±0.3","±0.9","±0.6","±0.6","±0.4","±0.6","±1.3","±0.5","±0.9","±0.7","(X)","±1.5","(X)","±0.6","(X)","±0.5","(X)","±0.5","(X)","±0.9","(X)","±0.8","(X)","±1.4","(X)","±1.3","(X)","±0.6","(X)","±1.1","(X)","±0.8"
"Iowa","","","","","","","","","","","","","","","","","","","","","","","","","","","","","","","","","",""
"    Total","","","","","","","","","","","","","","","","","","","","","","","","","","","","","","","","","",""
"        Estimate","784,322","48,984","536,504","40,847","159,424","166,844","169,389","162,951","35,883","198,834","91,066","107,768","78,339","33,962","202,818","192,859","212,029","206,268","132,329","127,502","93,981","69,205","227,362","90,251","399,923","35,045","1,754,226","29,230","321,343","136,010","166,071","64,144","155,272","71,866"
"        Margin of Error","±3,994","±1,348","±2,448","±1,511","±2,478","±2,376","±1,573","±2,731","±1,693","±2,854","±1,826","±2,149","±1,643","±981","±2,346","±2,314","±2,317","±2,566","±666","±793","±926","±1,195","±1,103","±1,897","±1,122","±1,311","±1,136","±1,283","±886","±2,062","±685","±1,306","±608","±1,435"
"    Percent","","","","","","","","","","","","","","","","","","","","","","","","","","","","","","","","","",""
"        Estimate","(X)","6.2%","68.4%","5.2%","20.3%","21.3%","21.6%","20.8%","4.6%","25.4%","23.3%","27.4%","(X)","43.4%","(X)","95.1%","(X)","97.3%","(X)","96.4%","(X)","73.6%","(X)","39.7%","(X)","8.8%","(X)","1.7%","(X)","42.3%","(X)","38.6%","(X)","46.3%"
"        Margin of Error","(X)","±0.2","±0.3","±0.2","±0.3","±0.3","±0.2","±0.3","±0.2","±0.3","±0.4","±0.4","(X)","±1.2","(X)","±0.4","(X)","±0.6","(X)","±0.3","(X)","±1.0","(X)","±0.8","(X)","±0.3","(X)","±0.1","(X)","±0.6","(X)","±0.8","(X)","±0.9"
"    In public school","","","","","","","","","","","","","","","","","","","","","","","","","","","","","","","","","",""
"        Estimate","(X)","34,965","478,725","35,379","139,841","148,154","155,351","124,207","24,198","148,405","68,383","80,022","(X)","23,999","(X)","166,561","(X)","183,305","(X)","117,140","(X)","54,941","(X)","67,921","(X)","26,961","(X)","21,267","(X)","101,547","(X)","47,992","(X)","53,555"
"        Margin of Error","(X)","±1,148","±2,844","±1,414","±2,349","±2,362","±1,888","±2,402","±1,459","±2,582","±1,773","±1,766","(X)","±781","(X)","±2,214","(X)","±2,534","(X)","±1,194","(X)","±1,092","(X)","±1,576","(X)","±1,267","(X)","±1,018","(X)","±1,807","(X)","±1,280","(X)","±1,229"
"    Percent in public school","","","","","","","","","","","","","","","","","","","","","","","","","","","","","","","","","",""
"        Estimate","84.4%","71.4%","89.2%","86.6%","87.7%","88.8%","91.7%","76.2%","67.4%","74.6%","75.1%","74.3%","(X)","70.7%","(X)","86.4%","(X)","88.9%","(X)","91.9%","(X)","79.4%","(X)","75.3%","(X)","76.9%","(X)","72.8%","(X)","74.7%","(X)","74.8%","(X)","74.5%"
"        Margin of Error","±0.3","±1.5","±0.4","±1.1","±0.6","±0.6","±0.6","±0.7","±2.1","±0.7","±1.0","±1.0","(X)","±1.6","(X)","±0.6","(X)","±0.5","(X)","±0.6","(X)","±0.9","(X)","±1.1","(X)","±2.0","(X)","±1.7","(X)","±0.8","(X)","±1.1","(X)","±1.2"
"    In private school","","","","","","","","","","","","","","","","","","","","","","","","","","","","","","","","","",""
"        Estimate","(X)","14,019","57,779","5,468","19,583","18,690","14,038","38,744","11,685","50,429","22,683","27,746","(X)","9,963","(X)","26,298","(X)","22,963","(X)","10,362","(X)","14,264","(X)","22,330","(X)","8,084","(X)","7,963","(X)","34,463","(X)","16,152","(X)","18,311"
"        Margin of Error","(X)","±861","±1,928","±481","±986","±1,010","±968","±1,381","±867","±1,518","±940","±1,307","(X)","±684","(X)","±1,145","(X)","±1,122","(X)","±786","(X)","±694","(X)","±1,193","(X)","±746","(X)","±638","(X)","±1,206","(X)","±727","(X)","±975"
"    Percent in private school","","","","","","","","","","","","","","","","","","","","","","","","","","","","","","","","","",""
"        Estimate","15.6%","28.6%","10.8%","13.4%","12.3%","11.2%","8.3%","23.8%","32.6%","25.4%","24.9%","25.7%","(X)","29.3%","(X)","13.6%","(X)","11.1%","(X)","8.1%","(X)","20.6%","(X)","24.7%","(X)","23.1%","(X)","27.2%","(X)","25.3%","(X)","25.2%","(X)","25.5%"
"        Margin of Error","±0.3","±1.5","±0.4","±1.1","±0.6","±0.6","±0.6","±0.7","±2.1","±0.7","±1.0","±1.0","(X)","±1.6","(X)","±0.6","(X)","±0.5","(X)","±0.6","(X)","±0.9","(X)","±1.1","(X)","±2.0","(X)","±1.7","(X)","±0.8","(X)","±1.1","(X)","±1.2"
"Kansas","","","","","","","","","","","","","","","","","","","","","","","","","","","","","","","","","",""
"    Total","","","","","","","","","","","","","","","","","","","","","","","","","","","","","","","","","",""
"        Estimate","753,280","45,440","513,326","35,832","151,185","163,524","162,785","151,745","42,769","194,514","90,154","104,360","72,383","32,352","191,766","180,323","206,240","200,500","125,444","121,201","84,973","61,125","215,317","80,506","379,661","40,725","1,567,017","36,548","300,290","119,669","157,725","57,751","142,565","61,918"
"        Margin of Error","±4,423","±1,551","±2,400","±1,323","±2,394","±2,704","±1,819","±2,901","±1,542","±3,362","±2,390","±1,978","±1,367","±1,395","±2,622","±2,518","±2,475","±2,639","±598","±766","±966","±1,250","±1,272","±2,308","±1,183","±1,492","±890","±1,611","±1,104","±2,535","±840","±1,989","±593","±1,522"
"    Percent","","","","","","","","","","","","","","","","","","","","","","","","","","","","","","","","","",""
"        Estimate","(X)","6.0%","68.1%","4.8%","20.1%","21.7%","21.6%","20.1%","5.7%","25.8%","23.9%","27.8%","(X)","44.7%","(X)","94.0%","(X)","97.2%","(X)","96.6%","(X)","71.9%","(X)","37.4%","(X)","10.7%","(X)","2.3%","(X)","39.9%","(X)","36.6%","(X)","43.4%"
"        Margin of Error","(X)","±0.2","±0.4","±0.2","±0.3","±0.4","±0.2","±0.3","±0.2","±0.3","±0.5","±0.4","(X)","±1.8","(X)","±0.5","(X)","±0.4","(X)","±0.4","(X)","±1.4","(X)","±1.0","(X)","±0.4","(X)","±0.1","(X)","±0.8","(X)","±1.3","(X)","±1.0"
"    In public school","","","","","","","","","","","","","","","","","","","","","","","","","","","","","","","","","",""
"        Estimate","(X)","29,511","448,294","29,396","130,133","143,136","145,629","130,393","33,673","164,066","75,902","88,164","(X)","20,678","(X)","150,970","(X)","176,114","(X)","108,272","(X)","52,885","(X)","69,583","(X)","35,082","(X)","28,287","(X)","102,690","(X)","49,314","(X)","53,376"
"        Margin of Error","(X)","±1,387","±3,149","±1,268","±2,341","±2,851","±1,869","±2,907","±1,515","±3,377","±2,106","±2,055","(X)","±1,126","(X)","±2,491","(X)","±2,806","(X)","±1,065","(X)","±1,261","(X)","±2,135","(X)","±1,459","(X)","±1,417","(X)","±2,446","(X)","±1,758","(X)","±1,536"
"    Percent in public school","","","","","","","","","","","","","","","","","","","","","","","","","","","","","","","","","",""
"        Estimate","85.2%","64.9%","87.3%","82.0%","86.1%","87.5%","89.5%","85.9%","78.7%","84.3%","84.2%","84.5%","(X)","63.9%","(X)","83.7%","(X)","87.8%","(X)","89.3%","(X)","86.5%","(X)","86.4%","(X)","86.1%","(X)","77.4%","(X)","85.8%","(X)","85.4%","(X)","86.2%"
"        Margin of Error","±0.3","±1.7","±0.5","±1.5","±0.7","±0.8","±0.7","±0.6","±1.8","±0.6","±0.8","±0.8","(X)","±1.9","(X)","±0.7","(X)","±0.7","(X)","±0.8","(X)","±0.9","(X)","±0.7","(X)","±1.4","(X)","±1.9","(X)","±0.7","(X)","±0.9","(X)","±1.0"
"    In private school","","","","","","","","","","","","","","","","","","","","","","","","","","","","","","","","","",""
"        Estimate","(X)","15,929","65,032","6,436","21,052","20,388","17,156","21,352","9,096","30,448","14,252","16,196","(X)","11,674","(X)","29,353","(X)","24,386","(X)","12,929","(X)","8,240","(X)","10,923","(X)","5,643","(X)","8,261","(X)","16,979","(X)","8,437","(X)","8,542"
"        Margin of Error","(X)","±825","±2,495","±560","±1,101","±1,273","±1,103","±914","±824","±1,138","±786","±849","(X)","±773","(X)","±1,300","(X)","±1,504","(X)","±958","(X)","±580","(X)","±649","(X)","±608","(X)","±793","(X)","±836","(X)","±616","(X)","±596"
"    Percent in private school","","","","","","","","","","","","","","","","","","","","","","","","","","","","","","","","","",""
"        Estimate","14.8%","35.1%","12.7%","18.0%","13.9%","12.5%","10.5%","14.1%","21.3%","15.7%","15.8%","15.5%","(X)","36.1%","(X)","16.3%","(X)","12.2%","(X)","10.7%","(X)","13.5%","(X)","13.6%","(X)","13.9%","(X)","22.6%","(X)","14.2%","(X)","14.6%","(X)","13.8%"
"        Margin of Error","±0.3","±1.7","±0.5","±1.5","±0.7","±0.8","±0.7","±0.6","±1.8","±0.6","±0.8","±0.8","(X)","±1.9","(X)","±0.7","(X)","±0.7","(X)","±0.8","(X)","±0.9","(X)","±0.7","(X)","±1.4","(X)","±1.9","(X)","±0.7","(X)","±0.9","(X)","±1.0"
"Kentucky","","","","","","","","","","","","","","","","","","","","","","","","","","","","","","","","","",""
"    Total","","","","","","","","","","","","","","","","","","","","","","","","","","","","","","","","","",""
"        Estimate","1,039,376","57,337","734,160","54,480","222,055","227,164","230,461","196,208","51,671","247,879","104,805","143,074","110,023","40,371","283,424","261,594","294,437","284,884","180,890","173,406","112,947","75,497","298,143","100,520","595,129","55,291","2,503,629","47,813","411,090","148,104","211,561","65,176","199,529","82,928"
"        Margin of Error","±5,136","±1,958","±2,681","±2,055","±3,238","±2,838","±2,181","±3,203","±1,948","±3,724","±2,457","±2,859","±2,120","±1,445","±3,295","±3,545","±3,249","±3,292","±717","±1,037","±1,187","±1,291","±1,573","±2,696","±1,255","±2,114","±1,195","±1,723","±1,143","±2,700","±864","±2,002","±798","±1,782"
"    Percent","","","","","","","","","","","","","","","","","","","","","","","","","","","","","","","","","",""
"        Estimate","(X)","5.5%","70.6%","5.2%","21.4%","21.9%","22.2%","18.9%","5.0%","23.8%","20.5%","27.1%","(X)","36.7%","(X)","92.3%","(X)","96.8%","(X)","95.9%","(X)","66.8%","(X)","33.7%","(X)","9.3%","(X)","1.9%","(X)","36.0%","(X)","30.8%","(X)","41.6%"
"        Margin of Error","(X)","±0.2","±0.3","±0.2","±0.3","±0.3","±0.2","±0.3","±0.2","±0.3","±0.4","±0.4","(X)","±1.2","(X)","±0.5","(X)","±0.3","(X)","±0.4","(X)","±1.2","(X)","±0.9","(X)","±0.4","(X)","±0.1","(X)","±0.6","(X)","±0.9","(X)","±0.9"
"    In public school","","","","","","","","","","","","","","","","","","","","","","","","","","","","","","","","","",""
"        Estimate","(X)","35,283","619,977","45,794","185,991","191,732","196,460","158,671","37,408","196,079","82,831","113,248","(X)","23,820","(X)","215,827","(X)","241,142","(X)","148,952","(X)","60,834","(X)","82,178","(X)","43,418","(X)","35,168","(X)","119,583","(X)","52,858","(X)","66,725"
"        Margin of Error","(X)","±1,668","±3,881","±1,913","±3,404","±2,961","±2,354","±2,664","±1,519","±3,191","±2,396","±2,301","(X)","±1,120","(X)","±3,559","(X)","±3,455","(X)","±1,656","(X)","±1,443","(X)","±2,278","(X)","±1,835","(X)","±1,465","(X)","±2,431","(X)","±2,000","(X)","±1,468"
"    Percent in public school","","","","","","","","","","","","","","","","","","","","","","","","","","","","","","","","","",""
"        Estimate","81.9%","61.5%","84.4%","84.1%","83.8%","84.4%","85.2%","80.9%","72.4%","79.1%","79.0%","79.2%","(X)","59.0%","(X)","82.5%","(X)","84.6%","(X)","85.9%","(X)","80.6%","(X)","81.8%","(X)","78.5%","(X)","73.6%","(X)","80.7%","(X)","81.1%","(X)","80.5%"
"        Margin of Error","±0.3","±1.8","±0.4","±1.3","±0.6","±0.6","±0.6","±0.8","±1.4","±0.7","±1.1","±0.8","(X)","±1.9","(X)","±0.7","(X)","±0.6","(X)","±0.7","(X)","±1.2","(X)","±1.0","(X)","±1.7","(X)","±1.7","(X)","±1.0","(X)","±1.4","(X)","±1.1"
"    In private school","","","","","","","","","","","","","","","","","","","","","","","","","","","","","","","","","",""
"        Estimate","(X)","22,054","114,183","8,686","36,064","35,432","34,001","37,537","14,263","51,800","21,974","29,826","(X)","16,551","(X)","45,767","(X)","43,742","(X)","24,454","(X)","14,663","(X)","18,342","(X)","11,873","(X)","12,645","(X)","28,521","(X)","12,318","(X)","16,203"
"        Margin of Error","(X)","±1,187","±2,996","±757","±1,385","±1,476","±1,471","±1,782","±939","±1,950","±1,157","±1,420","(X)","±973","(X)","±1,783","(X)","±1,791","(X)","±1,162","(X)","±908","(X)","±1,214","(X)","±1,067","(X)","±954","(X)","±1,600","(X)","±940","(X)","±1,105"
"    Percent in private school","","","","","","","","","","","","","","","","","","","","","","","","","","","","","","","","","",""
"        Estimate","18.1%","38.5%","15.6%","15.9%","16.2%","15.6%","14.8%","19.1%","27.6%","20.9%","21.0%","20.8%","(X)","41.0%","(X)","17.5%","(X)","15.4%","(X)","14.1%","(X)","19.4%","(X)","18.2%","(X)","21.5%","(X)","26.4%","(X)","19.3%","(X)","18.9%","(X)","19.5%"
"        Margin of Error","±0.3","±1.8","±0.4","±1.3","±0.6","±0.6","±0.6","±0.8","±1.4","±0.7","±1.1","±0.8","(X)","±1.9","(X)","±0.7","(X)","±0.6","(X)","±0.7","(X)","±1.2","(X)","±1.0","(X)","±1.7","(X)","±1.7","(X)","±1.0","(X)","±1.4","(X)","±1.1"
"Louisiana","","","","","","","","","","","","","","","","","","","","","","","","","","","","","","","","","",""
"    Total","","","","","","","","","","","","","","","","","","","","","","","","","","","","","","","","","",""
"        Estimate","1,127,670","73,241","784,957","59,476","235,984","246,244","243,253","216,570","52,902","269,472","109,242","160,230","119,010","58,563","295,350","279,496","314,487","303,188","187,971","179,087","115,410","78,894","306,265","112,755","611,260","62,774","2,496,176","52,913","421,675","158,285","213,081","67,035","208,594","91,250"
"        Margin of Error","±5,893","±2,790","±3,389","±1,949","±4,245","±3,872","±2,642","±4,428","±2,349","±4,595","±3,404","±3,132","±2,413","±2,190","±4,485","±4,262","±4,494","±4,559","±671","±1,152","±1,117","±1,756","±1,486","±2,491","±1,735","±2,426","±1,403","±1,969","±1,266","±2,863","±1,058","±2,130","±704","±2,109"
"    Percent","","","","","","","","","","","","","","","","","","","","","","","","","","","","","","","","","",""
"        Estimate","(X)","6.5%","69.6%","5.3%","20.9%","21.8%","21.6%","19.2%","4.7%","23.9%","19.8%","27.8%","(X)","49.2%","(X)","94.6%","(X)","96.4%","(X)","95.3%","(X)","68.4%","(X)","36.8%","(X)","10.3%","(X)","2.1%","(X)","37.5%","(X)","31.5%","(X)","43.7%"
"        Margin of Error","(X)","±0.2","±0.4","±0.2","±0.4","±0.3","±0.2","±0.3","±0.2","±0.3","±0.5","±0.4","(X)","±1.4","(X)","±0.5","(X)","±0.3","(X)","±0.5","(X)","±1.4","(X)","±0.8","(X)","±0.4","(X)","±0.1","(X)","±0.7","(X)","±1.0","(X)","±1.0"
"    In public school","","","","","","","","","","","","","","","","","","","","","","","","","","","","","","","","","",""
"        Estimate","(X)","43,849","635,694","48,090","190,543","198,703","198,358","178,425","35,720","214,145","87,268","126,877","(X)","34,829","(X)","222,792","(X)","245,211","(X)","145,336","(X)","66,161","(X)","91,268","(X)","49,303","(X)","38,788","(X)","129,843","(X)","56,213","(X)","73,630"
"        Margin of Error","(X)","±2,089","±5,067","±1,777","±3,816","±3,478","±3,142","±3,830","±1,774","±4,053","±2,778","±3,113","(X)","±1,644","(X)","±3,901","(X)","±4,222","(X)","±1,933","(X)","±1,643","(X)","±2,488","(X)","±2,144","(X)","±1,771","(X)","±2,636","(X)","±1,956","(X)","±2,013"
"    Percent in public school","","","","","","","","","","","","","","","","","","","","","","","","","","","","","","","","","",""
"        Estimate","79.3%","59.9%","81.0%","80.9%","80.7%","80.7%","81.5%","82.4%","67.5%","79.5%","79.9%","79.2%","(X)","59.5%","(X)","79.7%","(X)","80.9%","(X)","81.2%","(X)","83.9%","(X)","80.9%","(X)","78.5%","(X)","73.3%","(X)","82.0%","(X)","83.9%","(X)","80.7%"
"        Margin of Error","±0.5","±1.7","±0.5","±1.6","±0.7","±0.8","±0.9","±0.8","±1.8","±0.7","±1.2","±1.0","(X)","±1.9","(X)","±0.7","(X)","±0.7","(X)","±0.9","(X)","±1.1","(X)","±1.0","(X)","±1.7","(X)","±1.8","(X)","±0.7","(X)","±1.1","(X)","±1.1"
"    In private school","","","","","","","","","","","","","","","","","","","","","","","","","","","","","","","","","",""
"        Estimate","(X)","29,392","149,263","11,386","45,441","47,541","44,895","38,145","17,182","55,327","21,974","33,353","(X)","23,734","(X)","56,704","(X)","57,977","(X)","33,751","(X)","12,733","(X)","21,487","(X)","13,471","(X)","14,125","(X)","28,442","(X)","10,822","(X)","17,620"
"        Margin of Error","(X)","±1,651","±4,085","±1,027","±1,901","±2,305","±2,166","±1,880","±1,296","±2,200","±1,547","±1,724","(X)","±1,461","(X)","±2,162","(X)","±2,355","(X)","±1,717","(X)","±935","(X)","±1,186","(X)","±1,210","(X)","±1,030","(X)","±1,281","(X)","±828","(X)","±1,045"
"    Percent in private school","","","","","","","","","","","","","","","","","","","","","","","","","","","","","","","","","",""
"        Estimate","20.7%","40.1%","19.0%","19.1%","19.3%","19.3%","18.5%","17.6%","32.5%","20.5%","20.1%","20.8%","(X)","40.5%","(X)","20.3%","(X)","19.1%","(X)","18.8%","(X)","16.1%","(X)","19.1%","(X)","21.5%","(X)","26.7%","(X)","18.0%","(X)","16.1%","(X)","19.3%"
"        Margin of Error","±0.5","±1.7","±0.5","±1.6","±0.7","±0.8","±0.9","±0.8","±1.8","±0.7","±1.2","±1.0","(X)","±1.9","(X)","±0.7","(X)","±0.7","(X)","±0.9","(X)","±1.1","(X)","±1.0","(X)","±1.7","(X)","±1.8","(X)","±0.7","(X)","±1.1","(X)","±1.1"
"Maine","","","","","","","","","","","","","","","","","","","","","","","","","","","","","","","","","",""
"    Total","","","","","","","","","","","","","","","","","","","","","","","","","","","","","","","","","",""
"        Estimate","281,216","14,169","186,225","14,207","55,146","55,612","61,260","64,879","15,943","80,822","33,833","46,989","25,816","10,298","70,375","66,831","71,348","69,926","46,830","44,890","33,755","25,477","77,272","30,571","166,942","16,318","859,308","16,905","111,027","48,259","57,024","21,838","54,003","26,421"
"        Margin of Error","±2,475","±824","±1,204","±842","±1,258","±1,353","±1,105","±1,706","±1,131","±2,016","±1,175","±1,609","±865","±674","±1,280","±1,267","±1,265","±1,376","±272","±379","±422","±737","±644","±1,308","±598","±1,035","±505","±1,023","±530","±1,298","±376","±854","±434","±1,006"
"    Percent","","","","","","","","","","","","","","","","","","","","","","","","","","","","","","","","","",""
"        Estimate","(X)","5.0%","66.2%","5.1%","19.6%","19.8%","21.8%","23.1%","5.7%","28.7%","24.6%","32.7%","(X)","39.9%","(X)","95.0%","(X)","98.0%","(X)","95.9%","(X)","75.5%","(X)","39.6%","(X)","9.8%","(X)","2.0%","(X)","43.5%","(X)","38.3%","(X)","48.9%"
"        Margin of Error","(X)","±0.3","±0.5","±0.3","±0.5","±0.5","±0.4","±0.5","±0.4","±0.5","±0.7","±0.8","(X)","±2.2","(X)","±0.6","(X)","±0.5","(X)","±0.6","(X)","±1.9","(X)","±1.6","(X)","±0.6","(X)","±0.1","(X)","±1.2","(X)","±1.4","(X)","±1.8"
"    In public school","","","","","","","","","","","","","","","","","","","","","","","","","","","","","","","","","",""
"        Estimate","(X)","7,887","163,093","12,592","48,308","48,479","53,714","42,678","9,654","52,332","21,291","31,041","(X)","5,442","(X)","57,510","(X)","61,463","(X)","39,068","(X)","17,094","(X)","18,347","(X)","11,601","(X)","12,787","(X)","28,575","(X)","12,796","(X)","15,779"
"        Margin of Error","(X)","±697","±1,578","±826","±1,268","±1,183","±1,152","±1,586","±875","±1,879","±1,038","±1,432","(X)","±533","(X)","±1,381","(X)","±1,331","(X)","±723","(X)","±796","(X)","±1,092","(X)","±972","(X)","±983","(X)","±1,201","(X)","±781","(X)","±913"
"    Percent in public school","","","","","","","","","","","","","","","","","","","","","","","","","","","","","","","","","",""
"        Estimate","79.4%","55.7%","87.6%","88.6%","87.6%","87.2%","87.7%","65.8%","60.6%","64.7%","62.9%","66.1%","(X)","52.8%","(X)","86.1%","(X)","87.9%","(X)","87.0%","(X)","67.1%","(X)","60.0%","(X)","71.1%","(X)","75.6%","(X)","59.2%","(X)","58.6%","(X)","59.7%"
"        Margin of Error","±0.6","±3.8","±0.7","±2.0","±1.1","±1.0","±1.2","±1.7","±3.3","±1.5","±2.2","±1.9","(X)","±3.8","(X)","±1.1","(X)","±1.0","(X)","±1.4","(X)","±3.0","(X)","±2.8","(X)","±3.5","(X)","±2.7","(X)","±2.0","(X)","±3.0","(X)","±2.7"
"    In private school","","","","","","","","","","","","","","","","","","","","","","","","","","","","","","","","","",""
"        Estimate","(X)","6,282","23,132","1,615","6,838","7,133","7,546","22,201","6,289","28,490","12,542","15,948","(X)","4,856","(X)","9,321","(X)","8,463","(X)","5,822","(X)","8,383","(X)","12,224","(X)","4,717","(X)","4,118","(X)","19,684","(X)","9,042","(X)","10,642"
"        Margin of Error","(X)","±652","±1,401","±282","±619","±642","±750","±1,200","±680","±1,365","±896","±1,015","(X)","±498","(X)","±760","(X)","±742","(X)","±652","(X)","±874","(X)","±1,043","(X)","±624","(X)","±459","(X)","±1,157","(X)","±768","(X)","±828"
"    Percent in private school","","","","","","","","","","","","","","","","","","","","","","","","","","","","","","","","","",""
"        Estimate","20.6%","44.3%","12.4%","11.4%","12.4%","12.8%","12.3%","34.2%","39.4%","35.3%","37.1%","33.9%","(X)","47.2%","(X)","13.9%","(X)","12.1%","(X)","13.0%","(X)","32.9%","(X)","40.0%","(X)","28.9%","(X)","24.4%","(X)","40.8%","(X)","41.4%","(X)","40.3%"
"        Margin of Error","±0.6","±3.8","±0.7","±2.0","±1.1","±1.0","±1.2","±1.7","±3.3","±1.5","±2.2","±1.9","(X)","±3.8","(X)","±1.1","(X)","±1.0","(X)","±1.4","(X)","±3.0","(X)","±2.8","(X)","±3.5","(X)","±2.7","(X)","±2.0","(X)","±3.0","(X)","±2.7"
"Maryland","","","","","","","","","","","","","","","","","","","","","","","","","","","","","","","","","",""
"    Total","","","","","","","","","","","","","","","","","","","","","","","","","","","","","","","","","",""
"        Estimate","1,533,098","86,900","1,016,813","74,817","298,843","314,145","329,008","313,155","116,230","429,385","183,535","245,850","148,498","67,528","379,743","357,593","397,033","387,833","243,346","236,369","155,262","118,299","372,914","152,080","816,944","106,664","3,484,391","106,732","528,176","220,548","267,193","99,893","260,983","120,655"
"        Margin of Error","±6,098","±2,498","±3,562","±2,558","±4,205","±4,106","±3,208","±4,550","±3,455","±5,505","±3,622","±3,568","±2,485","±2,198","±4,210","±4,072","±4,222","±4,096","±329","±911","±823","±1,561","±972","±2,700","±938","±2,791","±806","±3,274","±684","±3,190","±509","±2,401","±428","±2,364"
"    Percent","","","","","","","","","","","","","","","","","","","","","","","","","","","","","","","","","",""
"        Estimate","(X)","5.7%","66.3%","4.9%","19.5%","20.5%","21.5%","20.4%","7.6%","28.0%","24.5%","31.4%","(X)","45.5%","(X)","94.2%","(X)","97.7%","(X)","97.1%","(X)","76.2%","(X)","40.8%","(X)","13.1%","(X)","3.1%","(X)","41.8%","(X)","37.4%","(X)","46.2%"
"        Margin of Error","(X)","±0.2","±0.3","±0.2","±0.3","±0.3","±0.2","±0.3","±0.2","±0.3","±0.4","±0.3","(X)","±1.3","(X)","±0.4","(X)","±0.3","(X)","±0.3","(X)","±0.9","(X)","±0.7","(X)","±0.3","(X)","±0.1","(X)","±0.6","(X)","±0.9","(X)","±0.9"
"    In public school","","","","","","","","","","","","","","","","","","","","","","","","","","","","","","","","","",""
"        Estimate","(X)","43,433","864,956","62,188","253,622","267,592","281,554","248,813","68,892","317,705","138,127","179,578","(X)","33,409","(X)","295,922","(X)","330,423","(X)","202,186","(X)","95,741","(X)","117,266","(X)","78,601","(X)","72,546","(X)","170,642","(X)","78,746","(X)","91,896"
"        Margin of Error","(X)","±2,104","±5,409","±2,306","±4,135","±3,853","±3,394","±4,103","±2,429","±4,676","±2,811","±3,328","(X)","±1,678","(X)","±4,041","(X)","±4,045","(X)","±1,648","(X)","±1,513","(X)","±2,557","(X)","±2,499","(X)","±2,524","(X)","±3,180","(X)","±2,062","(X)","±2,333"
"    Percent in public school","","","","","","","","","","","","","","","","","","","","","","","","","","","","","","","","","",""
"        Estimate","80.0%","50.0%","85.1%","83.1%","84.9%","85.2%","85.6%","79.5%","59.3%","74.0%","75.3%","73.0%","(X)","49.5%","(X)","82.8%","(X)","85.2%","(X)","85.5%","(X)","80.9%","(X)","77.1%","(X)","73.7%","(X)","68.0%","(X)","77.4%","(X)","78.8%","(X)","76.2%"
"        Margin of Error","±0.4","±1.8","±0.4","±1.3","±0.6","±0.6","±0.5","±0.6","±1.3","±0.6","±0.9","±0.9","(X)","±1.9","(X)","±0.6","(X)","±0.6","(X)","±0.6","(X)","±0.9","(X)","±1.1","(X)","±1.2","(X)","±1.2","(X)","±0.8","(X)","±1.2","(X)","±1.1"
"    In private school","","","","","","","","","","","","","","","","","","","","","","","","","","","","","","","","","",""
"        Estimate","(X)","43,467","151,857","12,629","45,221","46,553","47,454","64,342","47,338","111,680","45,408","66,272","(X)","34,119","(X)","61,671","(X)","57,410","(X)","34,183","(X)","22,558","(X)","34,814","(X)","28,063","(X)","34,186","(X)","49,906","(X)","21,147","(X)","28,759"
"        Margin of Error","(X)","±1,915","±4,438","±1,087","±1,906","±2,121","±1,736","±2,156","±2,203","±3,211","±1,977","±2,362","(X)","±1,696","(X)","±2,260","(X)","±2,531","(X)","±1,486","(X)","±1,166","(X)","±1,809","(X)","±1,435","(X)","±1,727","(X)","±1,856","(X)","±1,332","(X)","±1,459"
"    Percent in private school","","","","","","","","","","","","","","","","","","","","","","","","","","","","","","","","","",""
"        Estimate","20.0%","50.0%","14.9%","16.9%","15.1%","14.8%","14.4%","20.5%","40.7%","26.0%","24.7%","27.0%","(X)","50.5%","(X)","17.2%","(X)","14.8%","(X)","14.5%","(X)","19.1%","(X)","22.9%","(X)","26.3%","(X)","32.0%","(X)","22.6%","(X)","21.2%","(X)","23.8%"
"        Margin of Error","±0.4","±1.8","±0.4","±1.3","±0.6","±0.6","±0.5","±0.6","±1.3","±0.6","±0.9","±0.9","(X)","±1.9","(X)","±0.6","(X)","±0.6","(X)","±0.6","(X)","±0.9","(X)","±1.1","(X)","±1.2","(X)","±1.2","(X)","±0.8","(X)","±1.2","(X)","±1.1"
"Massachusetts","","","","","","","","","","","","","","","","","","","","","","","","","","","","","","","","","",""
"    Total","","","","","","","","","","","","","","","","","","","","","","","","","","","","","","","","","",""
"        Estimate","1,677,525","100,541","1,020,823","74,257","290,052","314,332","342,182","406,964","149,197","556,161","247,175","308,986","145,350","80,538","366,125","344,245","396,785","387,966","252,175","245,223","209,276","174,501","483,297","233,411","989,446","122,914","3,997,856","88,727","692,573","349,476","341,872","158,437","350,701","191,039"
"        Margin of Error","±6,281","±2,434","±3,194","±2,306","±3,604","±4,177","±2,671","±4,375","±3,187","±5,258","±3,657","±4,021","±2,380","±2,087","±4,397","±4,158","±4,393","±4,527","±245","±792","±972","±1,791","±1,150","±3,776","±902","±3,113","±626","±2,510","±781","±3,637","±617","±2,681","±474","±2,641"
"    Percent","","","","","","","","","","","","","","","","","","","","","","","","","","","","","","","","","",""
"        Estimate","(X)","6.0%","60.9%","4.4%","17.3%","18.7%","20.4%","24.3%","8.9%","33.2%","30.0%","36.1%","(X)","55.4%","(X)","94.0%","(X)","97.8%","(X)","97.2%","(X)","83.4%","(X)","48.3%","(X)","12.4%","(X)","2.2%","(X)","50.5%","(X)","46.3%","(X)","54.5%"
"        Margin of Error","(X)","±0.1","±0.2","±0.1","±0.2","±0.3","±0.2","±0.2","±0.2","±0.2","±0.3","±0.3","(X)","±1.1","(X)","±0.4","(X)","±0.2","(X)","±0.3","(X)","±0.7","(X)","±0.8","(X)","±0.3","(X)","±0.1","(X)","±0.5","(X)","±0.8","(X)","±0.7"
"    In public school","","","","","","","","","","","","","","","","","","","","","","","","","","","","","","","","","",""
"        Estimate","(X)","51,007","907,175","65,437","261,847","280,775","299,116","197,274","50,165","247,439","112,796","134,643","(X)","40,581","(X)","301,447","(X)","347,338","(X)","212,294","(X)","94,998","(X)","102,192","(X)","56,626","(X)","50,145","(X)","146,415","(X)","70,974","(X)","75,441"
"        Margin of Error","(X)","±2,056","±4,323","±2,240","±3,801","±4,009","±2,949","±3,901","±1,832","±4,541","±2,655","±3,363","(X)","±1,962","(X)","±4,221","(X)","±4,385","(X)","±1,737","(X)","±1,959","(X)","±3,211","(X)","±2,054","(X)","±1,942","(X)","±3,396","(X)","±2,020","(X)","±2,326"
"    Percent in public school","","","","","","","","","","","","","","","","","","","","","","","","","","","","","","","","","",""
"        Estimate","71.9%","50.7%","88.9%","88.1%","90.3%","89.3%","87.4%","48.5%","33.6%","44.5%","45.6%","43.6%","(X)","50.4%","(X)","87.6%","(X)","89.5%","(X)","86.6%","(X)","54.4%","(X)","43.8%","(X)","46.1%","(X)","56.5%","(X)","41.9%","(X)","44.8%","(X)","39.5%"
"        Margin of Error","±0.3","±1.5","±0.3","±1.1","±0.5","±0.5","±0.5","±0.7","±1.1","±0.6","±0.8","±0.8","(X)","±1.9","(X)","±0.5","(X)","±0.5","(X)","±0.7","(X)","±1.1","(X)","±1.1","(X)","±1.2","(X)","±1.6","(X)","±0.8","(X)","±1.0","(X)","±1.0"
"    In private school","","","","","","","","","","","","","","","","","","","","","","","","","","","","","","","","","",""
"        Estimate","(X)","49,534","113,648","8,820","28,205","33,557","43,066","209,690","99,032","308,722","134,379","174,343","(X)","39,957","(X)","42,798","(X)","40,628","(X)","32,929","(X)","79,503","(X)","131,219","(X)","66,288","(X)","38,582","(X)","203,061","(X)","87,463","(X)","115,598"
"        Margin of Error","(X)","±1,891","±3,497","±863","±1,568","±1,605","±1,910","±3,458","±2,763","±4,212","±2,880","±2,926","(X)","±1,681","(X)","±1,782","(X)","±1,849","(X)","±1,622","(X)","±2,106","(X)","±2,944","(X)","±2,304","(X)","±1,828","(X)","±3,142","(X)","±2,040","(X)","±2,258"
"    Percent in private school","","","","","","","","","","","","","","","","","","","","","","","","","","","","","","","","","",""
"        Estimate","28.1%","49.3%","11.1%","11.9%","9.7%","10.7%","12.6%","51.5%","66.4%","55.5%","54.4%","56.4%","(X)","49.6%","(X)","12.4%","(X)","10.5%","(X)","13.4%","(X)","45.6%","(X)","56.2%","(X)","53.9%","(X)","43.5%","(X)","58.1%","(X)","55.2%","(X)","60.5%"
"        Margin of Error","±0.3","±1.5","±0.3","±1.1","±0.5","±0.5","±0.5","±0.7","±1.1","±0.6","±0.8","±0.8","(X)","±1.9","(X)","±0.5","(X)","±0.5","(X)","±0.7","(X)","±1.1","(X)","±1.1","(X)","±1.2","(X)","±1.6","(X)","±0.8","(X)","±1.0","(X)","±1.0"
"Michigan","","","","","","","","","","","","","","","","","","","","","","","","","","","","","","","","","",""
"    Total","","","","","","","","","","","","","","","","","","","","","","","","","","","","","","","","","",""
"        Estimate","2,312,914","130,237","1,570,815","120,185","455,074","482,117","513,439","487,885","123,977","611,862","270,231","341,631","227,922","101,147","584,975","545,217","623,060","604,007","391,123","375,810","260,682","187,151","668,088","263,149","1,325,954","131,193","5,682,553","105,240","928,770","381,404","474,040","175,251","454,730","206,153"
"        Margin of Error","±6,642","±2,635","±3,847","±2,797","±3,977","±3,645","±3,077","±4,606","±3,307","±5,120","±4,006","±3,567","±2,751","±2,183","±4,334","±4,426","±4,339","±4,419","±365","±1,043","±1,075","±2,013","±1,019","±3,534","±1,031","±3,065","±965","±2,632","±827","±3,962","±595","±2,910","±621","±2,636"
"    Percent","","","","","","","","","","","","","","","","","","","","","","","","","","","","","","","","","",""
"        Estimate","(X)","5.6%","67.9%","5.2%","19.7%","20.8%","22.2%","21.1%","5.4%","26.5%","23.6%","29.3%","(X)","44.4%","(X)","93.2%","(X)","96.9%","(X)","96.1%","(X)","71.8%","(X)","39.4%","(X)","9.9%","(X)","1.9%","(X)","41.1%","(X)","37.0%","(X)","45.3%"
"        Margin of Error","(X)","±0.1","±0.2","±0.1","±0.2","±0.2","±0.1","±0.2","±0.1","±0.2","±0.3","±0.2","(X)","±0.8","(X)","±0.4","(X)","±0.2","(X)","±0.3","(X)","±0.7","(X)","±0.5","(X)","±0.2","(X)","±0.1","(X)","±0.4","(X)","±0.6","(X)","±0.6"
"    In public school","","","","","","","","","","","","","","","","","","","","","","","","","","","","","","","","","",""
"        Estimate","(X)","82,785","1,383,016","102,342","391,832","426,497","462,345","411,467","94,447","505,914","224,834","281,080","(X)","62,709","(X)","463,495","(X)","534,940","(X)","338,341","(X)","160,499","(X)","221,169","(X)","109,012","(X)","81,550","(X)","320,395","(X)","148,026","(X)","172,369"
"        Margin of Error","(X)","±2,293","±5,995","±2,534","±4,134","±3,894","±3,325","±4,880","±2,787","±5,174","±3,817","±3,515","(X)","±2,040","(X)","±4,401","(X)","±4,477","(X)","±1,898","(X)","±2,294","(X)","±3,754","(X)","±2,898","(X)","±2,245","(X)","±4,131","(X)","±2,751","(X)","±2,525"
"    Percent in public school","","","","","","","","","","","","","","","","","","","","","","","","","","","","","","","","","",""
"        Estimate","85.2%","63.6%","88.0%","85.2%","86.1%","88.5%","90.0%","84.3%","76.2%","82.7%","83.2%","82.3%","(X)","62.0%","(X)","85.0%","(X)","88.6%","(X)","90.0%","(X)","85.8%","(X)","84.0%","(X)","83.1%","(X)","77.5%","(X)","84.0%","(X)","84.5%","(X)","83.6%"
"        Margin of Error","±0.2","±1.0","±0.3","±0.9","±0.4","±0.4","±0.4","±0.5","±1.1","±0.5","±0.6","±0.6","(X)","±1.2","(X)","±0.4","(X)","±0.3","(X)","±0.4","(X)","±0.6","(X)","±0.7","(X)","±0.9","(X)","±0.9","(X)","±0.6","(X)","±0.7","(X)","±0.7"
"    In private school","","","","","","","","","","","","","","","","","","","","","","","","","","","","","","","","","",""
"        Estimate","(X)","47,452","187,799","17,843","63,242","55,620","51,094","76,418","29,530","105,948","45,397","60,551","(X)","38,438","(X)","81,722","(X)","69,067","(X)","37,469","(X)","26,652","(X)","41,980","(X)","22,181","(X)","23,690","(X)","61,009","(X)","27,225","(X)","33,784"
"        Margin of Error","(X)","±1,537","±4,198","±1,148","±1,831","±1,790","±1,856","±2,306","±1,589","±2,910","±1,750","±2,229","(X)","±1,339","(X)","±2,303","(X)","±2,147","(X)","±1,612","(X)","±1,125","(X)","±1,867","(X)","±1,272","(X)","±1,170","(X)","±2,173","(X)","±1,359","(X)","±1,536"
"    Percent in private school","","","","","","","","","","","","","","","","","","","","","","","","","","","","","","","","","",""
"        Estimate","14.8%","36.4%","12.0%","14.8%","13.9%","11.5%","10.0%","15.7%","23.8%","17.3%","16.8%","17.7%","(X)","38.0%","(X)","15.0%","(X)","11.4%","(X)","10.0%","(X)","14.2%","(X)","16.0%","(X)","16.9%","(X)","22.5%","(X)","16.0%","(X)","15.5%","(X)","16.4%"
"        Margin of Error","±0.2","±1.0","±0.3","±0.9","±0.4","±0.4","±0.4","±0.5","±1.1","±0.5","±0.6","±0.6","(X)","±1.2","(X)","±0.4","(X)","±0.3","(X)","±0.4","(X)","±0.6","(X)","±0.7","(X)","±0.9","(X)","±0.9","(X)","±0.6","(X)","±0.7","(X)","±0.7"
"Minnesota","","","","","","","","","","","","","","","","","","","","","","","","","","","","","","","","","",""
"    Total","","","","","","","","","","","","","","","","","","","","","","","","","","","","","","","","","",""
"        Estimate","1,385,086","86,241","968,039","72,518","285,559","300,377","309,585","260,047","70,759","330,806","144,360","186,446","136,311","61,058","362,902","341,674","382,119","372,643","233,494","227,438","145,940","110,205","357,571","134,667","748,867","72,025","3,174,877","65,376","503,511","197,003","255,681","88,904","247,830","108,099"
"        Margin of Error","±4,646","±1,869","±2,475","±1,740","±3,114","±3,749","±1,929","±3,643","±2,303","±3,799","±2,651","±2,753","±2,089","±1,480","±3,637","±3,539","±3,719","±3,673","±363","±688","±885","±1,334","±1,090","±2,508","±1,265","±2,182","±904","±2,201","±815","±2,719","±546","±1,900","±580","±1,840"
"    Percent","","","","","","","","","","","","","","","","","","","","","","","","","","","","","","","","","",""
"        Estimate","(X)","6.2%","69.9%","5.2%","20.6%","21.7%","22.4%","18.8%","5.1%","23.9%","21.1%","26.5%","(X)","44.8%","(X)","94.2%","(X)","97.5%","(X)","97.4%","(X)","75.5%","(X)","37.7%","(X)","9.6%","(X)","2.1%","(X)","39.1%","(X)","34.8%","(X)","43.6%"
"        Margin of Error","(X)","±0.1","±0.2","±0.1","±0.2","±0.3","±0.1","±0.2","±0.2","±0.2","±0.3","±0.3","(X)","±0.9","(X)","±0.3","(X)","±0.2","(X)","±0.2","(X)","±0.8","(X)","±0.7","(X)","±0.3","(X)","±0.1","(X)","±0.5","(X)","±0.7","(X)","±0.7"
"    In public school","","","","","","","","","","","","","","","","","","","","","","","","","","","","","","","","","",""
"        Estimate","(X)","55,115","855,843","61,157","246,938","264,987","282,761","197,386","45,423","242,809","108,234","134,575","(X)","37,826","(X)","289,130","(X)","329,290","(X)","207,431","(X)","88,359","(X)","100,554","(X)","54,981","(X)","46,196","(X)","144,922","(X)","66,397","(X)","78,525"
"        Margin of Error","(X)","±1,634","±3,811","±1,742","±3,163","±3,387","±2,002","±3,443","±1,851","±3,550","±2,612","±2,435","(X)","±1,170","(X)","±3,304","(X)","±3,383","(X)","±1,008","(X)","±1,579","(X)","±2,139","(X)","±1,985","(X)","±1,618","(X)","±2,828","(X)","±2,029","(X)","±1,948"
"    Percent in public school","","","","","","","","","","","","","","","","","","","","","","","","","","","","","","","","","",""
"        Estimate","83.3%","63.9%","88.4%","84.3%","86.5%","88.2%","91.3%","75.9%","64.2%","73.4%","75.0%","72.2%","(X)","62.0%","(X)","84.6%","(X)","88.4%","(X)","91.2%","(X)","80.2%","(X)","74.7%","(X)","76.3%","(X)","70.7%","(X)","73.6%","(X)","74.7%","(X)","72.6%"
"        Margin of Error","±0.3","±1.3","±0.3","±1.1","±0.6","±0.5","±0.4","±0.7","±1.5","±0.7","±1.0","±0.8","(X)","±1.5","(X)","±0.6","(X)","±0.5","(X)","±0.4","(X)","±1.0","(X)","±1.0","(X)","±1.3","(X)","±1.3","(X)","±0.8","(X)","±1.2","(X)","±1.1"
"    In private school","","","","","","","","","","","","","","","","","","","","","","","","","","","","","","","","","",""
"        Estimate","(X)","31,126","112,196","11,361","38,621","35,390","26,824","62,661","25,336","87,997","36,126","51,871","(X)","23,232","(X)","52,544","(X)","43,353","(X)","20,007","(X)","21,846","(X)","34,113","(X)","17,044","(X)","19,180","(X)","52,081","(X)","22,507","(X)","29,574"
"        Margin of Error","(X)","±1,354","±3,276","±778","±1,659","±1,667","±1,298","±1,833","±1,319","±2,405","±1,420","±1,815","(X)","±1,163","(X)","±2,193","(X)","±1,868","(X)","±921","(X)","±1,091","(X)","±1,590","(X)","±1,024","(X)","±1,193","(X)","±1,593","(X)","±1,021","(X)","±1,213"
"    Percent in private school","","","","","","","","","","","","","","","","","","","","","","","","","","","","","","","","","",""
"        Estimate","16.7%","36.1%","11.6%","15.7%","13.5%","11.8%","8.7%","24.1%","35.8%","26.6%","25.0%","27.8%","(X)","38.0%","(X)","15.4%","(X)","11.6%","(X)","8.8%","(X)","19.8%","(X)","25.3%","(X)","23.7%","(X)","29.3%","(X)","26.4%","(X)","25.3%","(X)","27.4%"
"        Margin of Error","±0.3","±1.3","±0.3","±1.1","±0.6","±0.5","±0.4","±0.7","±1.5","±0.7","±1.0","±0.8","(X)","±1.5","(X)","±0.6","(X)","±0.5","(X)","±0.4","(X)","±1.0","(X)","±1.0","(X)","±1.3","(X)","±1.3","(X)","±0.8","(X)","±1.2","(X)","±1.1"
"Mississippi","","","","","","","","","","","","","","","","","","","","","","","","","","","","","","","","","",""
"    Total","","","","","","","","","","","","","","","","","","","","","","","","","","","","","","","","","",""
"        Estimate","726,919","42,984","503,734","36,600","150,868","157,606","158,660","144,521","35,680","180,201","74,109","106,092","73,540","36,284","180,797","168,306","204,084","196,834","126,479","119,766","87,451","65,129","200,257","71,000","370,591","34,473","1,601,675","35,127","287,708","113,644","144,947","49,336","142,761","64,308"
"        Margin of Error","±4,361","±1,893","±2,867","±1,653","±2,356","±2,608","±1,940","±2,661","±1,739","±3,175","±2,170","±2,542","±1,961","±1,677","±2,723","±2,718","±2,647","±2,625","±618","±975","±1,487","±1,547","±1,807","±2,035","±2,112","±1,543","±1,636","±1,823","±1,404","±2,120","±1,083","±1,613","±915","±1,738"
"    Percent","","","","","","","","","","","","","","","","","","","","","","","","","","","","","","","","","",""
"        Estimate","(X)","5.9%","69.3%","5.0%","20.8%","21.7%","21.8%","19.9%","4.9%","24.8%","20.9%","28.5%","(X)","49.3%","(X)","93.1%","(X)","96.4%","(X)","94.7%","(X)","74.5%","(X)","35.5%","(X)","9.3%","(X)","2.2%","(X)","39.5%","(X)","34.0%","(X)","45.0%"
"        Margin of Error","(X)","±0.2","±0.4","±0.2","±0.3","±0.4","±0.2","±0.3","±0.2","±0.4","±0.5","±0.5","(X)","±1.8","(X)","±0.8","(X)","±0.5","(X)","±0.6","(X)","±1.3","(X)","±0.9","(X)","±0.4","(X)","±0.1","(X)","±0.7","(X)","±1.1","(X)","±1.2"
"    In public school","","","","","","","","","","","","","","","","","","","","","","","","","","","","","","","","","",""
"        Estimate","(X)","28,592","424,930","30,286","126,406","134,064","134,174","127,564","26,048","153,612","63,446","90,166","(X)","23,741","(X)","139,876","(X)","166,567","(X)","101,936","(X)","58,434","(X)","62,364","(X)","27,934","(X)","26,282","(X)","101,859","(X)","43,949","(X)","57,910"
"        Margin of Error","(X)","±1,807","±3,182","±1,562","±2,458","±2,843","±1,865","±2,495","±1,377","±2,812","±2,009","±2,278","(X)","±1,662","(X)","±2,639","(X)","±2,715","(X)","±1,218","(X)","±1,499","(X)","±1,905","(X)","±1,446","(X)","±1,538","(X)","±2,035","(X)","±1,547","(X)","±1,655"
"    Percent in public school","","","","","","","","","","","","","","","","","","","","","","","","","","","","","","","","","",""
"        Estimate","83.5%","66.5%","84.4%","82.7%","83.8%","85.1%","84.6%","88.3%","73.0%","85.2%","85.6%","85.0%","(X)","65.4%","(X)","83.1%","(X)","84.6%","(X)","85.1%","(X)","89.7%","(X)","87.8%","(X)","81.0%","(X)","74.8%","(X)","89.6%","(X)","89.1%","(X)","90.1%"
"        Margin of Error","±0.4","±2.4","±0.5","±1.7","±0.9","±0.8","±0.7","±0.8","±2.1","±0.8","±1.0","±1.0","(X)","±2.6","(X)","±0.9","(X)","±0.8","(X)","±0.8","(X)","±1.1","(X)","±1.1","(X)","±1.8","(X)","±2.1","(X)","±0.8","(X)","±1.2","(X)","±1.1"
"    In private school","","","","","","","","","","","","","","","","","","","","","","","","","","","","","","","","","",""
"        Estimate","(X)","14,392","78,804","6,314","24,462","23,542","24,486","16,957","9,632","26,589","10,663","15,926","(X)","12,543","(X)","28,430","(X)","30,267","(X)","17,830","(X)","6,695","(X)","8,636","(X)","6,539","(X)","8,845","(X)","11,785","(X)","5,387","(X)","6,398"
"        Margin of Error","(X)","±1,072","±2,523","±648","±1,384","±1,301","±1,115","±1,189","±952","±1,560","±829","±1,186","(X)","±936","(X)","±1,578","(X)","±1,547","(X)","±919","(X)","±758","(X)","±807","(X)","±684","(X)","±873","(X)","±966","(X)","±598","(X)","±715"
"    Percent in private school","","","","","","","","","","","","","","","","","","","","","","","","","","","","","","","","","",""
"        Estimate","16.5%","33.5%","15.6%","17.3%","16.2%","14.9%","15.4%","11.7%","27.0%","14.8%","14.4%","15.0%","(X)","34.6%","(X)","16.9%","(X)","15.4%","(X)","14.9%","(X)","10.3%","(X)","12.2%","(X)","19.0%","(X)","25.2%","(X)","10.4%","(X)","10.9%","(X)","9.9%"
"        Margin of Error","±0.4","±2.4","±0.5","±1.7","±0.9","±0.8","±0.7","±0.8","±2.1","±0.8","±1.0","±1.0","(X)","±2.6","(X)","±0.9","(X)","±0.8","(X)","±0.8","(X)","±1.1","(X)","±1.1","(X)","±1.8","(X)","±2.1","(X)","±0.8","(X)","±1.2","(X)","±1.1"
"Missouri","","","","","","","","","","","","","","","","","","","","","","","","","","","","","","","","","",""
"    Total","","","","","","","","","","","","","","","","","","","","","","","","","","","","","","","","","",""
"        Estimate","1,440,482","90,891","999,501","74,132","294,817","313,093","317,459","269,131","80,959","350,090","152,087","198,003","148,446","64,785","379,555","351,400","398,897","386,940","247,416","236,406","160,522","113,899","405,498","147,425","815,246","72,570","3,427,869","67,057","566,020","215,434","288,435","96,403","277,585","119,031"
"        Margin of Error","±5,363","±2,146","±3,205","±2,333","±3,253","±3,259","±2,509","±4,143","±2,393","±4,436","±3,058","±3,044","±2,079","±1,739","±3,362","±3,480","±3,378","±3,447","±666","±1,182","±1,126","±1,550","±1,468","±2,620","±1,385","±2,298","±1,359","±1,829","±1,226","±3,017","±913","±2,100","±755","±2,056"
"    Percent","","","","","","","","","","","","","","","","","","","","","","","","","","","","","","","","","",""
"        Estimate","(X)","6.3%","69.4%","5.1%","20.5%","21.7%","22.0%","18.7%","5.6%","24.3%","21.4%","27.2%","(X)","43.6%","(X)","92.6%","(X)","97.0%","(X)","95.6%","(X)","71.0%","(X)","36.4%","(X)","8.9%","(X)","2.0%","(X)","38.1%","(X)","33.4%","(X)","42.9%"
"        Margin of Error","(X)","±0.1","±0.3","±0.2","±0.2","±0.3","±0.2","±0.2","±0.2","±0.2","±0.4","±0.3","(X)","±1.0","(X)","±0.4","(X)","±0.3","(X)","±0.4","(X)","±0.9","(X)","±0.6","(X)","±0.3","(X)","±0.1","(X)","±0.5","(X)","±0.7","(X)","±0.7"
"    In public school","","","","","","","","","","","","","","","","","","","","","","","","","","","","","","","","","",""
"        Estimate","(X)","56,123","848,872","62,291","245,982","265,890","274,709","201,892","49,218","251,110","108,994","142,116","(X)","38,746","(X)","289,598","(X)","328,750","(X)","204,096","(X)","88,766","(X)","107,520","(X)","51,523","(X)","47,106","(X)","156,450","(X)","70,897","(X)","85,553"
"        Margin of Error","(X)","±1,934","±4,552","±2,141","±3,477","±3,247","±2,736","±4,059","±1,862","±4,303","±2,874","±2,682","(X)","±1,564","(X)","±3,777","(X)","±3,502","(X)","±1,872","(X)","±1,761","(X)","±2,491","(X)","±2,104","(X)","±1,731","(X)","±3,031","(X)","±1,966","(X)","±2,125"
"    Percent in public school","","","","","","","","","","","","","","","","","","","","","","","","","","","","","","","","","",""
"        Estimate","80.3%","61.7%","84.9%","84.0%","83.4%","84.9%","86.5%","75.0%","60.8%","71.7%","71.7%","71.8%","(X)","59.8%","(X)","82.4%","(X)","85.0%","(X)","86.3%","(X)","77.9%","(X)","72.9%","(X)","71.0%","(X)","70.2%","(X)","72.6%","(X)","73.5%","(X)","71.9%"
"        Margin of Error","±0.3","±1.4","±0.4","±1.0","±0.6","±0.6","±0.5","±0.8","±1.6","±0.7","±1.0","±0.8","(X)","±1.7","(X)","±0.6","(X)","±0.6","(X)","±0.6","(X)","±1.0","(X)","±1.0","(X)","±1.7","(X)","±1.4","(X)","±0.8","(X)","±1.2","(X)","±1.0"
"    In private school","","","","","","","","","","","","","","","","","","","","","","","","","","","","","","","","","",""
"        Estimate","(X)","34,768","150,629","11,841","48,835","47,203","42,750","67,239","31,741","98,980","43,093","55,887","(X)","26,039","(X)","61,802","(X)","58,190","(X)","32,310","(X)","25,133","(X)","39,905","(X)","21,047","(X)","19,951","(X)","58,984","(X)","25,506","(X)","33,478"
"        Margin of Error","(X)","±1,392","±3,736","±801","±1,601","±2,079","±1,675","±2,168","±1,691","±2,587","±1,674","±1,830","(X)","±1,304","(X)","±2,090","(X)","±2,266","(X)","±1,339","(X)","±1,125","(X)","±1,666","(X)","±1,357","(X)","±1,005","(X)","±1,766","(X)","±1,251","(X)","±1,227"
"    Percent in private school","","","","","","","","","","","","","","","","","","","","","","","","","","","","","","","","","",""
"        Estimate","19.7%","38.3%","15.1%","16.0%","16.6%","15.1%","13.5%","25.0%","39.2%","28.3%","28.3%","28.2%","(X)","40.2%","(X)","17.6%","(X)","15.0%","(X)","13.7%","(X)","22.1%","(X)","27.1%","(X)","29.0%","(X)","29.8%","(X)","27.4%","(X)","26.5%","(X)","28.1%"
"        Margin of Error","±0.3","±1.4","±0.4","±1.0","±0.6","±0.6","±0.5","±0.8","±1.6","±0.7","±1.0","±0.8","(X)","±1.7","(X)","±0.6","(X)","±0.6","(X)","±0.6","(X)","±1.0","(X)","±1.0","(X)","±1.7","(X)","±1.4","(X)","±0.8","(X)","±1.2","(X)","±1.0"
"Montana","","","","","","","","","","","","","","","","","","","","","","","","","","","","","","","","","",""
"    Total","","","","","","","","","","","","","","","","","","","","","","","","","","","","","","","","","",""
"        Estimate","240,826","12,491","170,130","12,692","52,195","52,899","52,344","46,075","12,130","58,205","26,511","31,694","24,135","9,214","64,933","59,033","69,465","67,142","42,368","39,776","26,910","17,350","73,994","24,431","143,694","12,280","637,570","11,600","100,904","34,765","53,070","16,541","47,834","18,224"
"        Margin of Error","±2,024","±883","±1,283","±805","±1,261","±1,314","±1,039","±1,461","±1,018","±1,495","±1,124","±1,248","±928","±727","±1,418","±1,346","±1,420","±1,501","±373","±566","±611","±705","±671","±1,271","±644","±853","±505","±768","±482","±1,337","±398","±998","±355","±938"
"    Percent","","","","","","","","","","","","","","","","","","","","","","","","","","","","","","","","","",""
"        Estimate","(X)","5.2%","70.6%","5.3%","21.7%","22.0%","21.7%","19.1%","5.0%","24.2%","22.1%","26.2%","(X)","38.2%","(X)","90.9%","(X)","96.7%","(X)","93.9%","(X)","64.5%","(X)","33.0%","(X)","8.5%","(X)","1.8%","(X)","34.5%","(X)","31.2%","(X)","38.1%"
"        Margin of Error","(X)","±0.4","±0.6","±0.3","±0.5","±0.6","±0.4","±0.5","±0.4","±0.5","±0.8","±0.8","(X)","±2.5","(X)","±1.0","(X)","±0.7","(X)","±1.0","(X)","±2.3","(X)","±1.7","(X)","±0.6","(X)","±0.1","(X)","±1.3","(X)","±1.9","(X)","±1.9"
"    In public school","","","","","","","","","","","","","","","","","","","","","","","","","","","","","","","","","",""
"        Estimate","(X)","5,986","147,280","10,703","44,385","45,666","46,526","40,030","8,995","49,025","22,620","26,405","(X)","4,614","(X)","48,747","(X)","58,061","(X)","35,252","(X)","15,228","(X)","21,293","(X)","10,136","(X)","8,960","(X)","30,327","(X)","14,656","(X)","15,671"
"        Margin of Error","(X)","±637","±1,562","±790","±1,304","±1,313","±1,029","±1,487","±842","±1,552","±1,162","±1,156","(X)","±586","(X)","±1,412","(X)","±1,475","(X)","±636","(X)","±619","(X)","±1,237","(X)","±754","(X)","±678","(X)","±1,330","(X)","±977","(X)","±895"
"    Percent in public school","","","","","","","","","","","","","","","","","","","","","","","","","","","","","","","","","",""
"        Estimate","84.0%","47.9%","86.6%","84.3%","85.0%","86.3%","88.9%","86.9%","74.2%","84.2%","85.3%","83.3%","(X)","50.1%","(X)","82.6%","(X)","86.5%","(X)","88.6%","(X)","87.8%","(X)","87.2%","(X)","82.5%","(X)","77.2%","(X)","87.2%","(X)","88.6%","(X)","86.0%"
"        Margin of Error","±0.7","±3.5","±0.7","±2.3","±1.2","±1.2","±0.8","±1.4","±4.2","±1.5","±2.4","±1.7","(X)","±4.5","(X)","±1.3","(X)","±1.1","(X)","±1.0","(X)","±1.5","(X)","±2.9","(X)","±2.4","(X)","±3.2","(X)","±2.1","(X)","±3.2","(X)","±2.2"
"    In private school","","","","","","","","","","","","","","","","","","","","","","","","","","","","","","","","","",""
"        Estimate","(X)","6,505","22,850","1,989","7,810","7,233","5,818","6,045","3,135","9,180","3,891","5,289","(X)","4,600","(X)","10,286","(X)","9,081","(X)","4,524","(X)","2,122","(X)","3,138","(X)","2,144","(X)","2,640","(X)","4,438","(X)","1,885","(X)","2,553"
"        Margin of Error","(X)","±599","±1,183","±300","±655","±628","±456","±662","±611","±883","±650","±598","(X)","±517","(X)","±784","(X)","±753","(X)","±422","(X)","±292","(X)","±742","(X)","±330","(X)","±419","(X)","±764","(X)","±547","(X)","±429"
"    Percent in private school","","","","","","","","","","","","","","","","","","","","","","","","","","","","","","","","","",""
"        Estimate","16.0%","52.1%","13.4%","15.7%","15.0%","13.7%","11.1%","13.1%","25.8%","15.8%","14.7%","16.7%","(X)","49.9%","(X)","17.4%","(X)","13.5%","(X)","11.4%","(X)","12.2%","(X)","12.8%","(X)","17.5%","(X)","22.8%","(X)","12.8%","(X)","11.4%","(X)","14.0%"
"        Margin of Error","±0.7","±3.5","±0.7","±2.3","±1.2","±1.2","±0.8","±1.4","±4.2","±1.5","±2.4","±1.7","(X)","±4.5","(X)","±1.3","(X)","±1.1","(X)","±1.0","(X)","±1.5","(X)","±2.9","(X)","±2.4","(X)","±3.2","(X)","±2.1","(X)","±3.2","(X)","±2.2"
"Nebraska","","","","","","","","","","","","","","","","","","","","","","","","","","","","","","","","","",""
"    Total","","","","","","","","","","","","","","","","","","","","","","","","","","","","","","","","","",""
"        Estimate","516,339","32,490","353,097","24,967","105,658","110,472","112,000","99,266","31,486","130,752","58,080","72,672","51,836","22,408","133,117","124,755","140,948","138,190","85,309","82,951","54,375","41,709","139,173","55,506","254,673","27,964","1,045,737","22,856","193,548","81,205","99,289","37,321","94,259","43,884"
"        Margin of Error","±3,219","±1,293","±1,454","±1,178","±1,766","±1,968","±1,519","±2,297","±1,333","±2,579","±1,697","±1,813","±1,210","±1,136","±2,024","±1,925","±2,058","±2,111","±331","±492","±564","±754","±740","±1,686","±720","±1,552","±645","±1,217","±608","±1,866","±518","±1,308","±337","±1,261"
"    Percent","","","","","","","","","","","","","","","","","","","","","","","","","","","","","","","","","",""
"        Estimate","(X)","6.3%","68.4%","4.8%","20.5%","21.4%","21.7%","19.2%","6.1%","25.3%","22.6%","28.0%","(X)","43.2%","(X)","93.7%","(X)","98.0%","(X)","97.2%","(X)","76.7%","(X)","39.9%","(X)","11.0%","(X)","2.2%","(X)","42.0%","(X)","37.6%","(X)","46.6%"
"        Margin of Error","(X)","±0.2","±0.4","±0.2","±0.3","±0.4","±0.3","±0.4","±0.2","±0.4","±0.5","±0.5","(X)","±1.9","(X)","±0.5","(X)","±0.3","(X)","±0.5","(X)","±1.2","(X)","±1.2","(X)","±0.6","(X)","±0.1","(X)","±1.0","(X)","±1.3","(X)","±1.3"
"    In public school","","","","","","","","","","","","","","","","","","","","","","","","","","","","","","","","","",""
"        Estimate","(X)","20,721","304,422","20,786","89,900","95,337","98,399","80,275","21,791","102,066","46,247","55,819","(X)","14,261","(X)","104,018","(X)","118,374","(X)","73,229","(X)","34,382","(X)","43,226","(X)","22,105","(X)","17,614","(X)","63,411","(X)","30,018","(X)","33,393"
"        Margin of Error","(X)","±1,074","±2,137","±1,114","±1,787","±1,945","±1,391","±1,977","±1,109","±2,331","±1,552","±1,674","(X)","±900","(X)","±2,032","(X)","±2,074","(X)","±812","(X)","±838","(X)","±1,482","(X)","±1,440","(X)","±1,059","(X)","±1,695","(X)","±1,159","(X)","±1,282"
"    Percent in public school","","","","","","","","","","","","","","","","","","","","","","","","","","","","","","","","","",""
"        Estimate","82.7%","63.8%","86.2%","83.3%","85.1%","86.3%","87.9%","80.9%","69.2%","78.1%","79.6%","76.8%","(X)","63.6%","(X)","83.4%","(X)","85.7%","(X)","88.3%","(X)","82.4%","(X)","77.9%","(X)","79.0%","(X)","77.1%","(X)","78.1%","(X)","80.4%","(X)","76.1%"
"        Margin of Error","±0.5","±1.9","±0.5","±2.2","±0.8","±0.8","±0.8","±1.1","±2.0","±0.9","±1.3","±1.2","(X)","±2.1","(X)","±0.9","(X)","±0.8","(X)","±0.9","(X)","±1.2","(X)","±1.7","(X)","±2.0","(X)","±1.8","(X)","±1.3","(X)","±1.9","(X)","±1.7"
"    In private school","","","","","","","","","","","","","","","","","","","","","","","","","","","","","","","","","",""
"        Estimate","(X)","11,769","48,675","4,181","15,758","15,135","13,601","18,991","9,695","28,686","11,833","16,853","(X)","8,147","(X)","20,737","(X)","19,816","(X)","9,722","(X)","7,327","(X)","12,280","(X)","5,859","(X)","5,242","(X)","17,794","(X)","7,303","(X)","10,491"
"        Margin of Error","(X)","±733","±1,972","±592","±863","±926","±989","±1,215","±747","±1,372","±850","±995","(X)","±594","(X)","±1,147","(X)","±1,189","(X)","±745","(X)","±519","(X)","±1,071","(X)","±579","(X)","±489","(X)","±1,205","(X)","±782","(X)","±794"
"    Percent in private school","","","","","","","","","","","","","","","","","","","","","","","","","","","","","","","","","",""
"        Estimate","17.3%","36.2%","13.8%","16.7%","14.9%","13.7%","12.1%","19.1%","30.8%","21.9%","20.4%","23.2%","(X)","36.4%","(X)","16.6%","(X)","14.3%","(X)","11.7%","(X)","17.6%","(X)","22.1%","(X)","21.0%","(X)","22.9%","(X)","21.9%","(X)","19.6%","(X)","23.9%"
"        Margin of Error","±0.5","±1.9","±0.5","±2.2","±0.8","±0.8","±0.8","±1.1","±2.0","±0.9","±1.3","±1.2","(X)","±2.1","(X)","±0.9","(X)","±0.8","(X)","±0.9","(X)","±1.2","(X)","±1.7","(X)","±2.0","(X)","±1.8","(X)","±1.3","(X)","±1.9","(X)","±1.7"
"Nevada","","","","","","","","","","","","","","","","","","","","","","","","","","","","","","","","","",""
"    Total","","","","","","","","","","","","","","","","","","","","","","","","","","","","","","","","","",""
"        Estimate","704,649","30,427","508,638","36,234","145,601","162,282","164,521","128,988","36,596","165,584","72,912","92,672","72,823","23,774","188,336","173,671","205,554","199,490","123,846","117,873","69,170","41,066","186,031","54,741","458,490","48,614","1,778,462","45,420","255,201","75,477","131,568","33,616","123,633","41,861"
"        Margin of Error","±4,835","±1,587","±2,378","±1,877","±2,235","±2,798","±2,279","±3,218","±1,789","±3,578","±2,310","±2,299","±1,843","±1,412","±2,909","±2,816","±2,895","±2,861","±246","±791","±461","±1,006","±617","±1,674","±604","±2,274","±583","±1,975","±477","±1,989","±382","±1,465","±300","±1,354"
"    Percent","","","","","","","","","","","","","","","","","","","","","","","","","","","","","","","","","",""
"        Estimate","(X)","4.3%","72.2%","5.1%","20.7%","23.0%","23.3%","18.3%","5.2%","23.5%","20.9%","26.0%","(X)","32.6%","(X)","92.2%","(X)","97.0%","(X)","95.2%","(X)","59.4%","(X)","29.4%","(X)","10.6%","(X)","2.6%","(X)","29.6%","(X)","25.6%","(X)","33.9%"
"        Margin of Error","(X)","±0.2","±0.4","±0.3","±0.3","±0.4","±0.3","±0.4","±0.2","±0.4","±0.5","±0.5","(X)","±1.8","(X)","±0.6","(X)","±0.3","(X)","±0.6","(X)","±1.4","(X)","±0.9","(X)","±0.5","(X)","±0.1","(X)","±0.8","(X)","±1.1","(X)","±1.1"
"    In public school","","","","","","","","","","","","","","","","","","","","","","","","","","","","","","","","","",""
"        Estimate","(X)","18,421","453,898","30,832","127,959","145,243","149,864","107,523","23,642","131,165","58,337","72,828","(X)","14,401","(X)","149,507","(X)","179,205","(X)","107,718","(X)","37,148","(X)","46,281","(X)","37,524","(X)","31,700","(X)","65,341","(X)","29,395","(X)","35,946"
"        Margin of Error","(X)","±1,315","±3,139","±1,756","±2,279","±2,872","±2,439","±3,094","±1,382","±3,361","±2,191","±2,102","(X)","±1,262","(X)","±2,778","(X)","±2,892","(X)","±1,137","(X)","±1,040","(X)","±1,706","(X)","±1,905","(X)","±1,561","(X)","±2,050","(X)","±1,525","(X)","±1,397"
"    Percent in public school","","","","","","","","","","","","","","","","","","","","","","","","","","","","","","","","","",""
"        Estimate","85.6%","60.5%","89.2%","85.1%","87.9%","89.5%","91.1%","83.4%","64.6%","79.2%","80.0%","78.6%","(X)","60.6%","(X)","86.1%","(X)","89.8%","(X)","91.4%","(X)","90.5%","(X)","84.5%","(X)","77.2%","(X)","69.8%","(X)","86.6%","(X)","87.4%","(X)","85.9%"
"        Margin of Error","±0.4","±2.6","±0.4","±1.7","±0.7","±0.8","±0.7","±1.0","±2.2","±0.9","±1.3","±1.1","(X)","±3.2","(X)","±0.7","(X)","±0.6","(X)","±0.7","(X)","±1.2","(X)","±1.5","(X)","±1.9","(X)","±1.7","(X)","±1.2","(X)","±1.7","(X)","±1.6"
"    In private school","","","","","","","","","","","","","","","","","","","","","","","","","","","","","","","","","",""
"        Estimate","(X)","12,006","54,740","5,402","17,642","17,039","14,657","21,465","12,954","34,419","14,575","19,844","(X)","9,373","(X)","24,164","(X)","20,285","(X)","10,155","(X)","3,918","(X)","8,460","(X)","11,090","(X)","13,720","(X)","10,136","(X)","4,221","(X)","5,915"
"        Margin of Error","(X)","±951","±2,243","±670","±1,068","±1,230","±1,088","±1,274","±1,046","±1,659","±973","±1,173","(X)","±856","(X)","±1,328","(X)","±1,297","(X)","±821","(X)","±518","(X)","±836","(X)","±1,080","(X)","±1,015","(X)","±935","(X)","±570","(X)","±689"
"    Percent in private school","","","","","","","","","","","","","","","","","","","","","","","","","","","","","","","","","",""
"        Estimate","14.4%","39.5%","10.8%","14.9%","12.1%","10.5%","8.9%","16.6%","35.4%","20.8%","20.0%","21.4%","(X)","39.4%","(X)","13.9%","(X)","10.2%","(X)","8.6%","(X)","9.5%","(X)","15.5%","(X)","22.8%","(X)","30.2%","(X)","13.4%","(X)","12.6%","(X)","14.1%"
"        Margin of Error","±0.4","±2.6","±0.4","±1.7","±0.7","±0.8","±0.7","±1.0","±2.2","±0.9","±1.3","±1.1","(X)","±3.2","(X)","±0.7","(X)","±0.6","(X)","±0.7","(X)","±1.2","(X)","±1.5","(X)","±1.9","(X)","±1.7","(X)","±1.2","(X)","±1.7","(X)","±1.6"
"New Hampshire","","","","","","","","","","","","","","","","","","","","","","","","","","","","","","","","","",""
"    Total","","","","","","","","","","","","","","","","","","","","","","","","","","","","","","","","","",""
"        Estimate","291,492","17,190","191,066","13,145","53,736","59,156","65,029","65,303","17,933","83,236","36,736","46,500","27,106","14,022","67,362","62,965","75,939","74,298","48,400","47,236","36,981","28,097","84,178","32,892","176,928","15,738","842,301","16,244","121,159","51,672","61,541","23,285","59,618","28,387"
"        Margin of Error","±2,350","±837","±1,320","±873","±1,418","±1,536","±1,191","±1,850","±1,094","±2,133","±1,392","±1,585","±862","±767","±1,425","±1,435","±1,428","±1,430","±251","±399","±657","±751","±678","±1,181","±608","±997","±559","±1,195","±471","±1,251","±332","±1,017","±350","±992"
"    Percent","","","","","","","","","","","","","","","","","","","","","","","","","","","","","","","","","",""
"        Estimate","(X)","5.9%","65.5%","4.5%","18.4%","20.3%","22.3%","22.4%","6.2%","28.6%","25.6%","31.4%","(X)","51.7%","(X)","93.5%","(X)","97.8%","(X)","97.6%","(X)","76.0%","(X)","39.1%","(X)","8.9%","(X)","1.9%","(X)","42.6%","(X)","37.8%","(X)","47.6%"
"        Margin of Error","(X)","±0.3","±0.6","±0.3","±0.5","±0.6","±0.4","±0.5","±0.4","±0.6","±0.7","±0.8","(X)","±2.7","(X)","±0.7","(X)","±0.5","(X)","±0.7","(X)","±1.8","(X)","±1.4","(X)","±0.6","(X)","±0.1","(X)","±1.0","(X)","±1.7","(X)","±1.7"
"    In public school","","","","","","","","","","","","","","","","","","","","","","","","","","","","","","","","","",""
"        Estimate","(X)","7,574","166,061","10,903","46,479","52,097","56,582","42,147","8,674","50,821","21,699","29,122","(X)","5,772","(X)","53,264","(X)","65,159","(X)","41,209","(X)","20,241","(X)","19,857","(X)","9,111","(X)","9,843","(X)","32,192","(X)","14,017","(X)","18,175"
"        Margin of Error","(X)","±653","±2,005","±806","±1,538","±1,608","±1,274","±1,440","±772","±1,672","±1,187","±1,139","(X)","±611","(X)","±1,553","(X)","±1,569","(X)","±680","(X)","±744","(X)","±1,115","(X)","±793","(X)","±876","(X)","±1,165","(X)","±890","(X)","±913"
"    Percent in public school","","","","","","","","","","","","","","","","","","","","","","","","","","","","","","","","","",""
"        Estimate","77.0%","44.1%","86.9%","82.9%","86.5%","88.1%","87.0%","64.5%","48.4%","61.1%","59.1%","62.6%","(X)","41.2%","(X)","84.6%","(X)","87.7%","(X)","87.2%","(X)","72.0%","(X)","60.4%","(X)","57.9%","(X)","60.6%","(X)","62.3%","(X)","60.2%","(X)","64.0%"
"        Margin of Error","±0.8","±3.2","±0.9","±2.8","±1.4","±1.2","±1.1","±1.5","±3.3","±1.5","±2.2","±1.9","(X)","±3.6","(X)","±1.4","(X)","±1.1","(X)","±1.3","(X)","±2.0","(X)","±2.4","(X)","±3.4","(X)","±3.5","(X)","±1.8","(X)","±2.6","(X)","±2.4"
"    In private school","","","","","","","","","","","","","","","","","","","","","","","","","","","","","","","","","",""
"        Estimate","(X)","9,616","25,005","2,242","7,257","7,059","8,447","23,156","9,259","32,415","15,037","17,378","(X)","8,250","(X)","9,701","(X)","9,139","(X)","6,027","(X)","7,856","(X)","13,035","(X)","6,627","(X)","6,401","(X)","19,480","(X)","9,268","(X)","10,212"
"        Margin of Error","(X)","±725","±1,711","±404","±773","±675","±694","±1,235","±858","±1,618","±967","±1,165","(X)","±658","(X)","±925","(X)","±802","(X)","±645","(X)","±615","(X)","±880","(X)","±680","(X)","±770","(X)","±1,051","(X)","±716","(X)","±789"
"    Percent in private school","","","","","","","","","","","","","","","","","","","","","","","","","","","","","","","","","",""
"        Estimate","23.0%","55.9%","13.1%","17.1%","13.5%","11.9%","13.0%","35.5%","51.6%","38.9%","40.9%","37.4%","(X)","58.8%","(X)","15.4%","(X)","12.3%","(X)","12.8%","(X)","28.0%","(X)","39.6%","(X)","42.1%","(X)","39.4%","(X)","37.7%","(X)","39.8%","(X)","36.0%"
"        Margin of Error","±0.8","±3.2","±0.9","±2.8","±1.4","±1.2","±1.1","±1.5","±3.3","±1.5","±2.2","±1.9","(X)","±3.6","(X)","±1.4","(X)","±1.1","(X)","±1.3","(X)","±2.0","(X)","±2.4","(X)","±3.4","(X)","±3.5","(X)","±1.8","(X)","±2.6","(X)","±2.4"
"New Jersey","","","","","","","","","","","","","","","","","","","","","","","","","","","","","","","","","",""
"    Total","","","","","","","","","","","","","","","","","","","","","","","","","","","","","","","","","",""
"        Estimate","2,272,695","160,362","1,513,845","118,071","432,224","471,923","491,627","453,627","144,861","598,488","274,933","323,555","221,896","136,787","552,869","527,838","591,539","579,306","366,049","356,848","222,038","179,050","560,924","250,169","1,205,455","127,213","5,317,747","115,484","782,962","360,690","399,849","173,366","383,113","187,324"
"        Margin of Error","±6,349","±2,678","±4,115","±2,790","±4,223","±4,602","±3,246","±4,738","±3,246","±5,363","±3,961","±3,555","±2,991","±2,426","±4,826","±5,009","±4,836","±4,927","±265","±832","±507","±1,493","±636","±3,122","±686","±2,781","±571","±3,097","±489","±3,776","±439","±2,845","±217","±2,836"
"    Percent","","","","","","","","","","","","","","","","","","","","","","","","","","","","","","","","","",""
"        Estimate","(X)","7.1%","66.6%","5.2%","19.0%","20.8%","21.6%","20.0%","6.4%","26.3%","24.3%","28.4%","(X)","61.6%","(X)","95.5%","(X)","97.9%","(X)","97.5%","(X)","80.6%","(X)","44.6%","(X)","10.6%","(X)","2.2%","(X)","46.1%","(X)","43.4%","(X)","48.9%"
"        Margin of Error","(X)","±0.1","±0.2","±0.1","±0.2","±0.2","±0.1","±0.2","±0.1","±0.2","±0.3","±0.2","(X)","±1.0","(X)","±0.3","(X)","±0.2","(X)","±0.2","(X)","±0.7","(X)","±0.6","(X)","±0.2","(X)","±0.1","(X)","±0.5","(X)","±0.7","(X)","±0.7"
"    In public school","","","","","","","","","","","","","","","","","","","","","","","","","","","","","","","","","",""
"        Estimate","(X)","92,707","1,325,224","99,102","377,495","417,777","430,850","303,092","72,507","375,599","171,646","203,953","(X)","81,183","(X)","446,807","(X)","512,603","(X)","312,196","(X)","127,914","(X)","164,521","(X)","78,955","(X)","69,351","(X)","232,313","(X)","112,070","(X)","120,243"
"        Margin of Error","(X)","±2,761","±5,247","±2,740","±3,872","±4,401","±3,609","±4,661","±2,281","±5,074","±3,573","±3,368","(X)","±2,415","(X)","±5,007","(X)","±4,892","(X)","±1,713","(X)","±1,869","(X)","±2,965","(X)","±2,446","(X)","±2,504","(X)","±3,726","(X)","±2,611","(X)","±2,475"
"    Percent in public school","","","","","","","","","","","","","","","","","","","","","","","","","","","","","","","","","",""
"        Estimate","78.9%","57.8%","87.5%","83.9%","87.3%","88.5%","87.6%","66.8%","50.1%","62.8%","62.4%","63.0%","(X)","59.3%","(X)","84.6%","(X)","88.5%","(X)","87.5%","(X)","71.4%","(X)","65.8%","(X)","62.1%","(X)","60.1%","(X)","64.4%","(X)","64.6%","(X)","64.2%"
"        Margin of Error","±0.2","±1.2","±0.3","±1.0","±0.5","±0.4","±0.4","±0.6","±1.1","±0.5","±0.8","±0.8","(X)","±1.2","(X)","±0.5","(X)","±0.4","(X)","±0.4","(X)","±0.8","(X)","±0.9","(X)","±1.2","(X)","±1.3","(X)","±0.8","(X)","±1.0","(X)","±1.0"
"    In private school","","","","","","","","","","","","","","","","","","","","","","","","","","","","","","","","","",""
"        Estimate","(X)","67,655","188,621","18,969","54,729","54,146","60,777","150,535","72,354","222,889","103,287","119,602","(X)","55,604","(X)","81,031","(X)","66,703","(X)","44,652","(X)","51,136","(X)","85,648","(X)","48,258","(X)","46,133","(X)","128,377","(X)","61,296","(X)","67,081"
"        Margin of Error","(X)","±2,091","±4,083","±1,257","±2,152","±1,928","±1,831","±3,016","±2,333","±3,480","±2,262","±2,786","(X)","±1,786","(X)","±2,672","(X)","±2,252","(X)","±1,501","(X)","±1,370","(X)","±2,649","(X)","±1,809","(X)","±1,893","(X)","±3,003","(X)","±1,842","(X)","±2,195"
"    Percent in private school","","","","","","","","","","","","","","","","","","","","","","","","","","","","","","","","","",""
"        Estimate","21.1%","42.2%","12.5%","16.1%","12.7%","11.5%","12.4%","33.2%","49.9%","37.2%","37.6%","37.0%","(X)","40.7%","(X)","15.4%","(X)","11.5%","(X)","12.5%","(X)","28.6%","(X)","34.2%","(X)","37.9%","(X)","39.9%","(X)","35.6%","(X)","35.4%","(X)","35.8%"
"        Margin of Error","±0.2","±1.2","±0.3","±1.0","±0.5","±0.4","±0.4","±0.6","±1.1","±0.5","±0.8","±0.8","(X)","±1.2","(X)","±0.5","(X)","±0.4","(X)","±0.4","(X)","±0.8","(X)","±0.9","(X)","±1.2","(X)","±1.3","(X)","±0.8","(X)","±1.0","(X)","±1.0"
"New Mexico","","","","","","","","","","","","","","","","","","","","","","","","","","","","","","","","","",""
"    Total","","","","","","","","","","","","","","","","","","","","","","","","","","","","","","","","","",""
"        Estimate","504,092","23,901","347,301","24,418","98,292","110,927","113,664","103,026","29,864","132,890","56,597","76,293","46,785","18,687","123,010","114,734","141,847","137,603","85,676","81,674","56,211","36,606","141,456","43,603","279,417","34,356","1,182,021","36,829","197,667","63,926","102,918","28,125","94,749","35,801"
"        Margin of Error","±4,308","±1,480","±2,242","±1,380","±2,545","±2,956","±1,778","±3,145","±1,848","±3,297","±2,109","±2,660","±1,507","±1,252","±2,764","±2,707","±2,852","±2,939","±538","±726","±1,073","±1,349","±1,425","±1,653","±1,204","±1,557","±925","±1,910","±1,033","±2,139","±700","±1,463","±696","±1,618"
"    Percent","","","","","","","","","","","","","","","","","","","","","","","","","","","","","","","","","",""
"        Estimate","(X)","4.7%","68.9%","4.8%","19.5%","22.0%","22.5%","20.4%","5.9%","26.4%","23.0%","29.6%","(X)","39.9%","(X)","93.3%","(X)","97.0%","(X)","95.3%","(X)","65.1%","(X)","30.8%","(X)","12.3%","(X)","3.1%","(X)","32.3%","(X)","27.3%","(X)","37.8%"
"        Margin of Error","(X)","±0.3","±0.5","±0.3","±0.5","±0.6","±0.4","±0.5","±0.4","±0.5","±0.7","±0.7","(X)","±2.2","(X)","±0.7","(X)","±0.5","(X)","±0.6","(X)","±2.0","(X)","±1.1","(X)","±0.5","(X)","±0.2","(X)","±1.1","(X)","±1.4","(X)","±1.7"
"    In public school","","","","","","","","","","","","","","","","","","","","","","","","","","","","","","","","","",""
"        Estimate","(X)","18,050","312,157","21,556","86,756","100,467","103,378","91,075","23,245","114,320","48,379","65,941","(X)","14,144","(X)","100,170","(X)","124,991","(X)","73,993","(X)","33,778","(X)","38,718","(X)","29,471","(X)","29,262","(X)","57,586","(X)","25,270","(X)","32,316"
"        Margin of Error","(X)","±1,278","±2,679","±1,385","±2,398","±2,835","±2,046","±3,088","±1,682","±3,195","±2,092","±2,455","(X)","±1,019","(X)","±2,494","(X)","±2,817","(X)","±996","(X)","±1,316","(X)","±1,544","(X)","±1,376","(X)","±1,674","(X)","±2,056","(X)","±1,403","(X)","±1,511"
"    Percent in public school","","","","","","","","","","","","","","","","","","","","","","","","","","","","","","","","","",""
"        Estimate","88.2%","75.5%","89.9%","88.3%","88.3%","90.6%","91.0%","88.4%","77.8%","86.0%","85.5%","86.4%","(X)","75.7%","(X)","87.3%","(X)","90.8%","(X)","90.6%","(X)","92.3%","(X)","88.8%","(X)","85.8%","(X)","79.5%","(X)","90.1%","(X)","89.8%","(X)","90.3%"
"        Margin of Error","±0.5","±2.8","±0.6","±1.9","±1.1","±0.8","±0.9","±0.9","±2.4","±0.9","±1.3","±1.0","(X)","±3.0","(X)","±1.1","(X)","±0.7","(X)","±1.0","(X)","±1.2","(X)","±1.4","(X)","±1.5","(X)","±2.1","(X)","±1.0","(X)","±1.4","(X)","±1.2"
"    In private school","","","","","","","","","","","","","","","","","","","","","","","","","","","","","","","","","",""
"        Estimate","(X)","5,851","35,144","2,862","11,536","10,460","10,286","11,951","6,619","18,570","8,218","10,352","(X)","4,543","(X)","14,564","(X)","12,612","(X)","7,681","(X)","2,828","(X)","4,885","(X)","4,885","(X)","7,567","(X)","6,340","(X)","2,855","(X)","3,485"
"        Margin of Error","(X)","±768","±2,033","±449","±1,131","±964","±1,016","±884","±773","±1,211","±759","±835","(X)","±677","(X)","±1,340","(X)","±1,055","(X)","±836","(X)","±448","(X)","±655","(X)","±589","(X)","±880","(X)","±671","(X)","±417","(X)","±480"
"    Percent in private school","","","","","","","","","","","","","","","","","","","","","","","","","","","","","","","","","",""
"        Estimate","11.8%","24.5%","10.1%","11.7%","11.7%","9.4%","9.0%","11.6%","22.2%","14.0%","14.5%","13.6%","(X)","24.3%","(X)","12.7%","(X)","9.2%","(X)","9.4%","(X)","7.7%","(X)","11.2%","(X)","14.2%","(X)","20.5%","(X)","9.9%","(X)","10.2%","(X)","9.7%"
"        Margin of Error","±0.5","±2.8","±0.6","±1.9","±1.1","±0.8","±0.9","±0.9","±2.4","±0.9","±1.3","±1.0","(X)","±3.0","(X)","±1.1","(X)","±0.7","(X)","±1.0","(X)","±1.2","(X)","±1.4","(X)","±1.5","(X)","±2.1","(X)","±1.0","(X)","±1.4","(X)","±1.2"
"New York","","","","","","","","","","","","","","","","","","","","","","","","","","","","","","","","","",""
"    Total","","","","","","","","","","","","","","","","","","","","","","","","","","","","","","","","","",""
"        Estimate","4,642,703","285,499","2,974,702","225,819","869,693","933,435","945,755","1,044,946","337,556","1,382,502","610,992","771,510","451,023","268,460","1,098,632","1,050,798","1,178,115","1,147,558","708,611","683,001","511,147","407,717","1,258,723","555,505","2,815,828","291,611","11,201,356","238,053","1,769,870","858,635","885,035","399,106","884,835","459,529"
"        Margin of Error","±10,998","±4,749","±5,639","±4,058","±5,480","±5,806","±4,653","±7,495","±6,011","±8,688","±5,915","±7,076","±4,206","±4,733","±6,060","±6,143","±6,122","±6,159","±501","±1,306","±1,366","±2,832","±1,555","±5,104","±1,296","±4,981","±1,135","±4,755","±1,065","±5,757","±903","±4,515","±671","±4,368"
"    Percent","","","","","","","","","","","","","","","","","","","","","","","","","","","","","","","","","",""
"        Estimate","(X)","6.1%","64.1%","4.9%","18.7%","20.1%","20.4%","22.5%","7.3%","29.8%","26.7%","32.7%","(X)","59.5%","(X)","95.6%","(X)","97.4%","(X)","96.4%","(X)","79.8%","(X)","44.1%","(X)","10.4%","(X)","2.1%","(X)","48.5%","(X)","45.1%","(X)","51.9%"
"        Margin of Error","(X)","±0.1","±0.2","±0.1","±0.1","±0.1","±0.1","±0.1","±0.1","±0.1","±0.2","±0.2","(X)","±0.8","(X)","±0.2","(X)","±0.2","(X)","±0.2","(X)","±0.5","(X)","±0.4","(X)","±0.2","(X)","±0.1","(X)","±0.3","(X)","±0.5","(X)","±0.5"
"    In public school","","","","","","","","","","","","","","","","","","","","","","","","","","","","","","","","","",""
"        Estimate","(X)","180,752","2,508,685","184,438","732,554","789,214","802,479","637,538","141,021","778,559","350,428","428,131","(X)","168,034","(X)","878,303","(X)","970,089","(X)","576,252","(X)","252,667","(X)","319,144","(X)","162,227","(X)","141,280","(X)","483,827","(X)","231,524","(X)","252,303"
"        Margin of Error","(X)","±4,768","±7,927","±3,836","±5,468","±5,525","±4,233","±6,810","±4,007","±7,564","±4,744","±5,610","(X)","±4,767","(X)","±6,140","(X)","±6,071","(X)","±2,583","(X)","±3,111","(X)","±4,795","(X)","±3,852","(X)","±3,541","(X)","±5,264","(X)","±3,465","(X)","±4,243"
"    Percent in public school","","","","","","","","","","","","","","","","","","","","","","","","","","","","","","","","","",""
"        Estimate","74.7%","63.3%","84.3%","81.7%","84.2%","84.5%","84.9%","61.0%","41.8%","56.3%","57.4%","55.5%","(X)","62.6%","(X)","83.6%","(X)","84.5%","(X)","84.4%","(X)","62.0%","(X)","57.5%","(X)","55.6%","(X)","59.3%","(X)","56.3%","(X)","58.0%","(X)","54.9%"
"        Margin of Error","±0.2","±1.0","±0.2","±0.7","±0.3","±0.4","±0.3","±0.4","±0.7","±0.4","±0.5","±0.5","(X)","±1.0","(X)","±0.3","(X)","±0.4","(X)","±0.4","(X)","±0.6","(X)","±0.6","(X)","±1.0","(X)","±0.8","(X)","±0.4","(X)","±0.6","(X)","±0.7"
"    In private school","","","","","","","","","","","","","","","","","","","","","","","","","","","","","","","","","",""
"        Estimate","(X)","104,747","466,017","41,381","137,139","144,221","143,276","407,408","196,535","603,943","260,564","343,379","(X)","100,426","(X)","172,495","(X)","177,469","(X)","106,749","(X)","155,050","(X)","236,361","(X)","129,384","(X)","96,773","(X)","374,808","(X)","167,582","(X)","207,226"
"        Margin of Error","(X)","±2,701","±6,620","±1,701","±2,884","±3,815","±3,368","±5,112","±3,707","±6,044","±3,903","±5,175","(X)","±2,287","(X)","±2,947","(X)","±4,282","(X)","±2,423","(X)","±2,453","(X)","±3,836","(X)","±3,610","(X)","±2,692","(X)","±4,265","(X)","±2,888","(X)","±3,465"
"    Percent in private school","","","","","","","","","","","","","","","","","","","","","","","","","","","","","","","","","",""
"        Estimate","25.3%","36.7%","15.7%","18.3%","15.8%","15.5%","15.1%","39.0%","58.2%","43.7%","42.6%","44.5%","(X)","37.4%","(X)","16.4%","(X)","15.5%","(X)","15.6%","(X)","38.0%","(X)","42.5%","(X)","44.4%","(X)","40.7%","(X)","43.7%","(X)","42.0%","(X)","45.1%"
"        Margin of Error","±0.2","±1.0","±0.2","±0.7","±0.3","±0.4","±0.3","±0.4","±0.7","±0.4","±0.5","±0.5","(X)","±1.0","(X)","±0.3","(X)","±0.4","(X)","±0.4","(X)","±0.6","(X)","±0.6","(X)","±1.0","(X)","±0.8","(X)","±0.4","(X)","±0.6","(X)","±0.7"
"North Carolina","","","","","","","","","","","","","","","","","","","","","","","","","","","","","","","","","",""
"    Total","","","","","","","","","","","","","","","","","","","","","","","","","","","","","","","","","",""
"        Estimate","2,530,102","134,406","1,705,225","124,887","505,379","531,131","543,828","549,041","141,430","690,471","293,488","396,983","249,896","98,940","638,408","596,983","673,145","658,905","420,384","404,113","297,235","212,809","717,919","260,006","1,438,482","152,123","5,941,848","146,223","1,015,154","398,611","521,913","176,076","493,241","222,535"
"        Margin of Error","±8,370","±3,728","±4,669","±3,154","±5,549","±4,578","±4,035","±5,761","±3,602","±6,306","±4,026","±5,226","±3,512","±2,973","±5,150","±5,186","±5,046","±5,178","±875","±1,621","±1,380","±2,193","±1,852","±3,936","±1,847","±3,787","±1,515","±3,216","±1,500","±4,173","±1,079","±3,156","±1,051","±3,394"
"    Percent","","","","","","","","","","","","","","","","","","","","","","","","","","","","","","","","","",""
"        Estimate","(X)","5.3%","67.4%","4.9%","20.0%","21.0%","21.5%","21.7%","5.6%","27.3%","23.8%","30.7%","(X)","39.6%","(X)","93.5%","(X)","97.9%","(X)","96.1%","(X)","71.6%","(X)","36.2%","(X)","10.6%","(X)","2.5%","(X)","39.3%","(X)","33.7%","(X)","45.1%"
"        Margin of Error","(X)","±0.1","±0.2","±0.1","±0.2","±0.2","±0.2","±0.2","±0.1","±0.2","±0.3","±0.3","(X)","±1.0","(X)","±0.3","(X)","±0.2","(X)","±0.3","(X)","±0.7","(X)","±0.5","(X)","±0.3","(X)","±0.1","(X)","±0.4","(X)","±0.6","(X)","±0.7"
"    In public school","","","","","","","","","","","","","","","","","","","","","","","","","","","","","","","","","",""
"        Estimate","(X)","68,546","1,474,305","105,135","433,131","457,492","478,547","446,345","93,114","539,459","230,388","309,071","(X)","47,735","(X)","499,536","(X)","569,639","(X)","355,011","(X)","175,713","(X)","207,195","(X)","118,572","(X)","108,909","(X)","318,090","(X)","141,070","(X)","177,020"
"        Margin of Error","(X)","±2,666","±7,128","±2,863","±5,752","±4,773","±3,866","±5,802","±3,152","±6,249","±3,879","±4,758","(X)","±2,126","(X)","±5,220","(X)","±5,287","(X)","±2,482","(X)","±2,153","(X)","±4,026","(X)","±3,379","(X)","±2,865","(X)","±4,597","(X)","±3,143","(X)","±3,212"
"    Percent in public school","","","","","","","","","","","","","","","","","","","","","","","","","","","","","","","","","",""
"        Estimate","82.3%","51.0%","86.5%","84.2%","85.7%","86.1%","88.0%","81.3%","65.8%","78.1%","78.5%","77.9%","(X)","48.2%","(X)","83.7%","(X)","86.5%","(X)","87.8%","(X)","82.6%","(X)","79.7%","(X)","77.9%","(X)","74.5%","(X)","79.8%","(X)","80.1%","(X)","79.5%"
"        Margin of Error","±0.3","±1.2","±0.3","±0.9","±0.5","±0.5","±0.4","±0.5","±1.4","±0.5","±0.7","±0.7","(X)","±1.4","(X)","±0.5","(X)","±0.5","(X)","±0.5","(X)","±0.7","(X)","±0.8","(X)","±1.3","(X)","±1.2","(X)","±0.6","(X)","±0.9","(X)","±0.7"
"    In private school","","","","","","","","","","","","","","","","","","","","","","","","","","","","","","","","","",""
"        Estimate","(X)","65,860","230,920","19,752","72,248","73,639","65,281","102,696","48,316","151,012","63,100","87,912","(X)","51,205","(X)","97,447","(X)","89,266","(X)","49,102","(X)","37,096","(X)","52,811","(X)","33,551","(X)","37,314","(X)","80,521","(X)","35,006","(X)","45,515"
"        Margin of Error","(X)","±2,321","±5,724","±1,186","±2,536","±2,998","±2,259","±2,725","±2,248","±3,768","±2,155","±3,078","(X)","±1,956","(X)","±3,022","(X)","±3,199","(X)","±1,988","(X)","±1,556","(X)","±2,095","(X)","±2,174","(X)","±2,075","(X)","±2,487","(X)","±1,683","(X)","±1,785"
"    Percent in private school","","","","","","","","","","","","","","","","","","","","","","","","","","","","","","","","","",""
"        Estimate","17.7%","49.0%","13.5%","15.8%","14.3%","13.9%","12.0%","18.7%","34.2%","21.9%","21.5%","22.1%","(X)","51.8%","(X)","16.3%","(X)","13.5%","(X)","12.2%","(X)","17.4%","(X)","20.3%","(X)","22.1%","(X)","25.5%","(X)","20.2%","(X)","19.9%","(X)","20.5%"
"        Margin of Error","±0.3","±1.2","±0.3","±0.9","±0.5","±0.5","±0.4","±0.5","±1.4","±0.5","±0.7","±0.7","(X)","±1.4","(X)","±0.5","(X)","±0.5","(X)","±0.5","(X)","±0.7","(X)","±0.8","(X)","±1.3","(X)","±1.2","(X)","±0.6","(X)","±0.9","(X)","±0.7"
"North Dakota","","","","","","","","","","","","","","","","","","","","","","","","","","","","","","","","","",""
"    Total","","","","","","","","","","","","","","","","","","","","","","","","","","","","","","","","","",""
"        Estimate","198,150","9,719","128,877","9,544","40,323","41,562","37,448","47,543","12,011","59,554","29,274","30,280","20,584","5,949","52,005","47,047","53,084","51,496","29,700","28,307","24,855","19,666","62,120","25,175","111,558","10,998","401,847","9,512","86,975","39,334","45,960","19,500","41,015","19,834"
"        Margin of Error","±1,986","±750","±1,411","±711","±1,394","±1,351","±809","±1,559","±1,274","±1,579","±1,067","±1,224","±730","±551","±1,386","±1,331","±1,463","±1,541","±406","±458","±725","±662","±855","±1,173","±803","±912","±839","±798","±617","±1,249","±486","±876","±418","±890"
"    Percent","","","","","","","","","","","","","","","","","","","","","","","","","","","","","","","","","",""
"        Estimate","(X)","4.9%","65.0%","4.8%","20.3%","21.0%","18.9%","24.0%","6.1%","30.1%","28.9%","31.3%","(X)","28.9%","(X)","90.5%","(X)","97.0%","(X)","95.3%","(X)","79.1%","(X)","40.5%","(X)","9.9%","(X)","2.4%","(X)","45.2%","(X)","42.4%","(X)","48.4%"
"        Margin of Error","(X)","±0.4","±0.7","±0.4","±0.7","±0.7","±0.4","±0.7","±0.6","±0.6","±0.8","±0.9","(X)","±2.4","(X)","±1.2","(X)","±0.7","(X)","±0.9","(X)","±2.2","(X)","±1.8","(X)","±0.8","(X)","±0.2","(X)","±1.4","(X)","±1.8","(X)","±2.1"
"    In public school","","","","","","","","","","","","","","","","","","","","","","","","","","","","","","","","","",""
"        Estimate","(X)","6,189","115,398","8,240","35,566","37,522","34,070","41,338","9,672","51,010","25,498","25,512","(X)","3,859","(X)","40,318","(X)","46,310","(X)","25,733","(X)","17,574","(X)","22,095","(X)","9,018","(X)","7,690","(X)","34,520","(X)","17,559","(X)","16,961"
"        Margin of Error","(X)","±601","±1,536","±734","±1,289","±1,304","±891","±1,553","±1,073","±1,559","±980","±1,295","(X)","±456","(X)","±1,313","(X)","±1,529","(X)","±559","(X)","±649","(X)","±1,192","(X)","±803","(X)","±723","(X)","±1,325","(X)","±891","(X)","±946"
"    Percent in public school","","","","","","","","","","","","","","","","","","","","","","","","","","","","","","","","","",""
"        Estimate","87.1%","63.7%","89.5%","86.3%","88.2%","90.3%","91.0%","86.9%","80.5%","85.7%","87.1%","84.3%","(X)","64.9%","(X)","85.7%","(X)","89.9%","(X)","90.9%","(X)","89.4%","(X)","87.8%","(X)","82.0%","(X)","80.8%","(X)","87.8%","(X)","90.0%","(X)","85.5%"
"        Margin of Error","±0.7","±4.1","±0.9","±2.8","±1.4","±1.2","±1.2","±1.3","±4.0","±1.3","±2.0","±2.1","(X)","±5.0","(X)","±1.5","(X)","±1.1","(X)","±1.3","(X)","±1.5","(X)","±1.9","(X)","±4.3","(X)","±3.3","(X)","±1.4","(X)","±1.9","(X)","±2.6"
"    In private school","","","","","","","","","","","","","","","","","","","","","","","","","","","","","","","","","",""
"        Estimate","(X)","3,530","13,479","1,304","4,757","4,040","3,378","6,205","2,339","8,544","3,776","4,768","(X)","2,090","(X)","6,729","(X)","5,186","(X)","2,574","(X)","2,092","(X)","3,080","(X)","1,980","(X)","1,822","(X)","4,814","(X)","1,941","(X)","2,873"
"        Margin of Error","(X)","±499","±1,127","±258","±602","±532","±448","±623","±582","±829","±634","±622","(X)","±366","(X)","±720","(X)","±594","(X)","±358","(X)","±315","(X)","±481","(X)","±535","(X)","±345","(X)","±542","(X)","±382","(X)","±531"
"    Percent in private school","","","","","","","","","","","","","","","","","","","","","","","","","","","","","","","","","",""
"        Estimate","12.9%","36.3%","10.5%","13.7%","11.8%","9.7%","9.0%","13.1%","19.5%","14.3%","12.9%","15.7%","(X)","35.1%","(X)","14.3%","(X)","10.1%","(X)","9.1%","(X)","10.6%","(X)","12.2%","(X)","18.0%","(X)","19.2%","(X)","12.2%","(X)","10.0%","(X)","14.5%"
"        Margin of Error","±0.7","±4.1","±0.9","±2.8","±1.4","±1.2","±1.2","±1.3","±4.0","±1.3","±2.0","±2.1","(X)","±5.0","(X)","±1.5","(X)","±1.1","(X)","±1.3","(X)","±1.5","(X)","±1.9","(X)","±4.3","(X)","±3.3","(X)","±1.4","(X)","±1.9","(X)","±2.6"
"Ohio","","","","","","","","","","","","","","","","","","","","","","","","","","","","","","","","","",""
"    Total","","","","","","","","","","","","","","","","","","","","","","","","","","","","","","","","","",""
"        Estimate","2,715,174","161,637","1,893,078","142,865","563,737","585,559","600,917","519,724","140,735","660,459","286,551","373,908","280,946","115,852","717,987","667,406","746,704","726,533","465,916","445,926","300,847","216,160","747,080","272,205","1,558,428","140,605","6,603,788","130,487","1,047,927","399,294","534,302","182,107","513,625","217,187"
"        Margin of Error","±7,094","±3,398","±4,401","±2,586","±4,538","±5,081","±3,477","±5,621","±3,106","±6,187","±3,722","±4,633","±3,060","±2,867","±4,971","±4,803","±5,166","±5,226","±670","±1,284","±1,324","±2,128","±1,480","±3,703","±1,801","±3,193","±1,246","±3,032","±1,426","±3,986","±930","±2,902","±1,022","±3,199"
"    Percent","","","","","","","","","","","","","","","","","","","","","","","","","","","","","","","","","",""
"        Estimate","(X)","6.0%","69.7%","5.3%","20.8%","21.6%","22.1%","19.1%","5.2%","24.3%","21.3%","27.2%","(X)","41.2%","(X)","93.0%","(X)","97.3%","(X)","95.7%","(X)","71.9%","(X)","36.4%","(X)","9.0%","(X)","2.0%","(X)","38.1%","(X)","34.1%","(X)","42.3%"
"        Margin of Error","(X)","±0.1","±0.2","±0.1","±0.2","±0.2","±0.1","±0.2","±0.1","±0.2","±0.2","±0.3","(X)","±1.0","(X)","±0.3","(X)","±0.2","(X)","±0.3","(X)","±0.7","(X)","±0.5","(X)","±0.2","(X)","±0.1","(X)","±0.4","(X)","±0.5","(X)","±0.6"
"    In public school","","","","","","","","","","","","","","","","","","","","","","","","","","","","","","","","","",""
"        Estimate","(X)","95,532","1,602,764","116,313","468,671","496,902","520,878","403,670","95,853","499,523","217,602","281,921","(X)","68,131","(X)","541,177","(X)","617,602","(X)","385,793","(X)","172,987","(X)","208,386","(X)","109,037","(X)","94,706","(X)","303,406","(X)","138,277","(X)","165,129"
"        Margin of Error","(X)","±2,629","±6,559","±2,426","±4,949","±4,993","±3,673","±5,280","±2,674","±5,983","±3,478","±4,159","(X)","±2,302","(X)","±5,097","(X)","±5,138","(X)","±2,393","(X)","±2,412","(X)","±3,475","(X)","±2,601","(X)","±2,632","(X)","±4,127","(X)","±2,681","(X)","±3,060"
"    Percent in public school","","","","","","","","","","","","","","","","","","","","","","","","","","","","","","","","","",""
"        Estimate","80.9%","59.1%","84.7%","81.4%","83.1%","84.9%","86.7%","77.7%","68.1%","75.6%","75.9%","75.4%","(X)","58.8%","(X)","81.1%","(X)","85.0%","(X)","86.5%","(X)","80.0%","(X)","76.6%","(X)","77.5%","(X)","72.6%","(X)","76.0%","(X)","75.9%","(X)","76.0%"
"        Margin of Error","±0.2","±1.1","±0.3","±0.7","±0.5","±0.4","±0.3","±0.5","±1.2","±0.5","±0.7","±0.7","(X)","±1.3","(X)","±0.5","(X)","±0.4","(X)","±0.4","(X)","±0.7","(X)","±0.7","(X)","±1.0","(X)","±1.2","(X)","±0.6","(X)","±0.8","(X)","±0.9"
"    In private school","","","","","","","","","","","","","","","","","","","","","","","","","","","","","","","","","",""
"        Estimate","(X)","66,105","290,314","26,552","95,066","88,657","80,039","116,054","44,882","160,936","68,949","91,987","(X)","47,721","(X)","126,229","(X)","108,931","(X)","60,133","(X)","43,173","(X)","63,819","(X)","31,568","(X)","35,781","(X)","95,888","(X)","43,830","(X)","52,058"
"        Margin of Error","(X)","±2,194","±5,291","±1,140","±2,810","±2,375","±2,125","±2,750","±1,895","±3,325","±2,200","±2,812","(X)","±1,806","(X)","±3,128","(X)","±2,775","(X)","±1,891","(X)","±1,602","(X)","±1,956","(X)","±1,667","(X)","±1,785","(X)","±2,345","(X)","±1,521","(X)","±2,239"
"    Percent in private school","","","","","","","","","","","","","","","","","","","","","","","","","","","","","","","","","",""
"        Estimate","19.1%","40.9%","15.3%","18.6%","16.9%","15.1%","13.3%","22.3%","31.9%","24.4%","24.1%","24.6%","(X)","41.2%","(X)","18.9%","(X)","15.0%","(X)","13.5%","(X)","20.0%","(X)","23.4%","(X)","22.5%","(X)","27.4%","(X)","24.0%","(X)","24.1%","(X)","24.0%"
"        Margin of Error","±0.2","±1.1","±0.3","±0.7","±0.5","±0.4","±0.3","±0.5","±1.2","±0.5","±0.7","±0.7","(X)","±1.3","(X)","±0.5","(X)","±0.4","(X)","±0.4","(X)","±0.7","(X)","±0.7","(X)","±1.0","(X)","±1.2","(X)","±0.6","(X)","±0.8","(X)","±0.9"
"Oklahoma","","","","","","","","","","","","","","","","","","","","","","","","","","","","","","","","","",""
"    Total","","","","","","","","","","","","","","","","","","","","","","","","","","","","","","","","","",""
"        Estimate","1,004,858","58,266","713,373","55,611","216,475","220,808","220,479","188,129","45,090","233,219","101,264","131,955","103,205","41,776","267,675","253,279","281,590","272,641","169,459","162,495","113,241","78,631","281,707","94,449","542,784","53,507","2,126,021","48,080","394,948","135,261","205,019","60,721","189,929","74,540"
"        Margin of Error","±3,387","±1,547","±2,303","±1,340","±2,475","±2,841","±1,472","±2,987","±1,567","±3,036","±1,958","±2,551","±1,623","±1,198","±2,819","±2,537","±2,789","±2,862","±342","±660","±933","±1,091","±1,118","±2,051","±1,066","±1,731","±662","±1,856","±771","±2,222","±703","±1,537","±530","±1,876"
"    Percent","","","","","","","","","","","","","","","","","","","","","","","","","","","","","","","","","",""
"        Estimate","(X)","5.8%","71.0%","5.5%","21.5%","22.0%","21.9%","18.7%","4.5%","23.2%","20.3%","26.0%","(X)","40.5%","(X)","94.6%","(X)","96.8%","(X)","95.9%","(X)","69.4%","(X)","33.5%","(X)","9.9%","(X)","2.3%","(X)","34.2%","(X)","29.6%","(X)","39.2%"
"        Margin of Error","(X)","±0.1","±0.3","±0.1","±0.3","±0.3","±0.2","±0.3","±0.2","±0.3","±0.3","±0.4","(X)","±0.9","(X)","±0.4","(X)","±0.3","(X)","±0.3","(X)","±0.8","(X)","±0.7","(X)","±0.3","(X)","±0.1","(X)","±0.6","(X)","±0.8","(X)","±1.0"
"    In public school","","","","","","","","","","","","","","","","","","","","","","","","","","","","","","","","","",""
"        Estimate","(X)","43,453","626,633","48,827","189,488","193,681","194,637","157,094","34,359","191,453","83,491","107,962","(X)","29,941","(X)","220,659","(X)","239,471","(X)","143,550","(X)","67,965","(X)","78,851","(X)","43,825","(X)","37,277","(X)","113,562","(X)","51,702","(X)","61,860"
"        Margin of Error","(X)","±1,347","±3,084","±1,280","±2,365","±2,746","±1,864","±2,977","±1,382","±3,326","±2,032","±2,613","(X)","±982","(X)","±2,402","(X)","±2,847","(X)","±1,183","(X)","±1,206","(X)","±2,194","(X)","±1,674","(X)","±1,711","(X)","±2,291","(X)","±1,544","(X)","±1,946"
"    Percent in public school","","","","","","","","","","","","","","","","","","","","","","","","","","","","","","","","","",""
"        Estimate","85.7%","74.6%","87.8%","87.8%","87.5%","87.7%","88.3%","83.5%","76.2%","82.1%","82.4%","81.8%","(X)","71.7%","(X)","87.1%","(X)","87.8%","(X)","88.3%","(X)","86.4%","(X)","83.5%","(X)","81.9%","(X)","77.5%","(X)","84.0%","(X)","85.1%","(X)","83.0%"
"        Margin of Error","±0.3","±1.4","±0.3","±0.9","±0.5","±0.4","±0.6","±0.7","±1.4","±0.7","±0.9","±0.8","(X)","±1.7","(X)","±0.5","(X)","±0.4","(X)","±0.7","(X)","±0.8","(X)","±1.0","(X)","±1.4","(X)","±1.4","(X)","±0.8","(X)","±1.1","(X)","±1.1"
"    In private school","","","","","","","","","","","","","","","","","","","","","","","","","","","","","","","","","",""
"        Estimate","(X)","14,813","86,740","6,784","26,987","27,127","25,842","31,035","10,731","41,766","17,773","23,993","(X)","11,835","(X)","32,620","(X)","33,170","(X)","18,945","(X)","10,666","(X)","15,598","(X)","9,682","(X)","10,803","(X)","21,699","(X)","9,019","(X)","12,680"
"        Margin of Error","(X)","±922","±2,147","±496","±1,070","±903","±1,401","±1,323","±693","±1,507","±904","±1,071","(X)","±841","(X)","±1,325","(X)","±1,020","(X)","±1,146","(X)","±646","(X)","±940","(X)","±757","(X)","±693","(X)","±1,086","(X)","±703","(X)","±795"
"    Percent in private school","","","","","","","","","","","","","","","","","","","","","","","","","","","","","","","","","",""
"        Estimate","14.3%","25.4%","12.2%","12.2%","12.5%","12.3%","11.7%","16.5%","23.8%","17.9%","17.6%","18.2%","(X)","28.3%","(X)","12.9%","(X)","12.2%","(X)","11.7%","(X)","13.6%","(X)","16.5%","(X)","18.1%","(X)","22.5%","(X)","16.0%","(X)","14.9%","(X)","17.0%"
"        Margin of Error","±0.3","±1.4","±0.3","±0.9","±0.5","±0.4","±0.6","±0.7","±1.4","±0.7","±0.9","±0.8","(X)","±1.7","(X)","±0.5","(X)","±0.4","(X)","±0.7","(X)","±0.8","(X)","±1.0","(X)","±1.4","(X)","±1.4","(X)","±0.8","(X)","±1.1","(X)","±1.1"
"Oregon","","","","","","","","","","","","","","","","","","","","","","","","","","","","","","","","","",""
"    Total","","","","","","","","","","","","","","","","","","","","","","","","","","","","","","","","","",""
"        Estimate","915,656","49,491","623,055","43,716","181,292","195,723","202,324","193,873","49,237","243,110","106,968","136,142","87,234","36,445","230,541","212,272","254,129","246,893","154,595","147,814","101,560","69,913","260,929","90,007","595,416","59,839","2,449,366","52,473","362,489","132,766","184,572","60,099","177,917","72,667"
"        Margin of Error","±4,718","±1,721","±2,832","±2,032","±2,800","±2,695","±2,328","±3,435","±1,962","±4,113","±2,844","±2,716","±1,938","±1,359","±2,798","±2,919","±2,784","±2,880","±408","±905","±864","±1,556","±1,065","±2,574","±1,042","±2,138","±879","±1,655","±725","±2,825","±536","±2,070","±481","±1,997"
"    Percent","","","","","","","","","","","","","","","","","","","","","","","","","","","","","","","","","",""
"        Estimate","(X)","5.4%","68.0%","4.8%","19.8%","21.4%","22.1%","21.2%","5.4%","26.6%","23.6%","29.5%","(X)","41.8%","(X)","92.1%","(X)","97.2%","(X)","95.6%","(X)","68.8%","(X)","34.5%","(X)","10.0%","(X)","2.1%","(X)","36.6%","(X)","32.6%","(X)","40.8%"
"        Margin of Error","(X)","±0.2","±0.4","±0.2","±0.3","±0.3","±0.3","±0.3","±0.2","±0.4","±0.5","±0.4","(X)","±1.3","(X)","±0.5","(X)","±0.4","(X)","±0.6","(X)","±1.4","(X)","±1.0","(X)","±0.4","(X)","±0.1","(X)","±0.8","(X)","±1.1","(X)","±1.1"
"    In public school","","","","","","","","","","","","","","","","","","","","","","","","","","","","","","","","","",""
"        Estimate","(X)","24,000","542,574","36,201","154,215","170,207","181,951","158,852","31,633","190,485","86,459","104,026","(X)","17,625","(X)","174,831","(X)","215,309","(X)","132,371","(X)","59,313","(X)","71,893","(X)","47,262","(X)","38,455","(X)","106,221","(X)","49,408","(X)","56,813"
"        Margin of Error","(X)","±1,437","±3,511","±1,852","±2,757","±3,055","±2,350","±3,227","±1,704","±3,761","±2,424","±2,512","(X)","±1,066","(X)","±2,918","(X)","±3,154","(X)","±1,251","(X)","±1,571","(X)","±2,253","(X)","±1,958","(X)","±1,404","(X)","±2,482","(X)","±1,832","(X)","±1,729"
"    Percent in public school","","","","","","","","","","","","","","","","","","","","","","","","","","","","","","","","","",""
"        Estimate","82.7%","48.5%","87.1%","82.8%","85.1%","87.0%","89.9%","81.9%","64.2%","78.4%","80.8%","76.4%","(X)","48.4%","(X)","82.4%","(X)","87.2%","(X)","89.6%","(X)","84.8%","(X)","79.9%","(X)","79.0%","(X)","73.3%","(X)","80.0%","(X)","82.2%","(X)","78.2%"
"        Margin of Error","±0.4","±2.0","±0.4","±1.7","±0.7","±0.7","±0.5","±0.9","±2.0","±0.8","±1.0","±1.0","(X)","±2.2","(X)","±0.7","(X)","±0.6","(X)","±0.7","(X)","±1.0","(X)","±1.4","(X)","±1.6","(X)","±1.4","(X)","±1.0","(X)","±1.6","(X)","±1.2"
"    In private school","","","","","","","","","","","","","","","","","","","","","","","","","","","","","","","","","",""
"        Estimate","(X)","25,491","80,481","7,515","27,077","25,516","20,373","35,021","17,604","52,625","20,509","32,116","(X)","18,820","(X)","37,441","(X)","31,584","(X)","15,443","(X)","10,600","(X)","18,114","(X)","12,577","(X)","14,018","(X)","26,545","(X)","10,691","(X)","15,854"
"        Margin of Error","(X)","±1,184","±2,647","±800","±1,386","±1,319","±1,104","±1,848","±1,107","±2,119","±1,275","±1,461","(X)","±1,023","(X)","±1,477","(X)","±1,544","(X)","±1,012","(X)","±728","(X)","±1,460","(X)","±1,029","(X)","±840","(X)","±1,577","(X)","±1,076","(X)","±996"
"    Percent in private school","","","","","","","","","","","","","","","","","","","","","","","","","","","","","","","","","",""
"        Estimate","17.3%","51.5%","12.9%","17.2%","14.9%","13.0%","10.1%","18.1%","35.8%","21.6%","19.2%","23.6%","(X)","51.6%","(X)","17.6%","(X)","12.8%","(X)","10.4%","(X)","15.2%","(X)","20.1%","(X)","21.0%","(X)","26.7%","(X)","20.0%","(X)","17.8%","(X)","21.8%"
"        Margin of Error","±0.4","±2.0","±0.4","±1.7","±0.7","±0.7","±0.5","±0.9","±2.0","±0.8","±1.0","±1.0","(X)","±2.2","(X)","±0.7","(X)","±0.6","(X)","±0.7","(X)","±1.0","(X)","±1.4","(X)","±1.6","(X)","±1.4","(X)","±1.0","(X)","±1.6","(X)","±1.2"
"Pennsylvania","","","","","","","","","","","","","","","","","","","","","","","","","","","","","","","","","",""
"    Total","","","","","","","","","","","","","","","","","","","","","","","","","","","","","","","","","",""
"        Estimate","2,913,513","167,027","1,948,965","139,283","574,508","603,612","631,562","617,442","180,079","797,521","345,666","451,855","281,109","124,483","726,573","674,013","775,366","753,296","481,555","461,290","363,967","279,502","803,635","329,572","1,689,136","153,701","7,500,561","137,656","1,167,602","513,985","589,223","231,737","578,379","282,248"
"        Margin of Error","±7,861","±3,021","±4,067","±3,142","±4,501","±5,100","±3,641","±5,816","±3,646","±6,791","±4,568","±5,022","±2,951","±2,434","±4,955","±4,785","±4,995","±4,860","±437","±1,023","±1,127","±2,133","±1,369","±4,068","±1,246","±3,388","±1,061","±2,851","±803","±4,746","±698","±3,485","±503","±3,183"
"    Percent","","","","","","","","","","","","","","","","","","","","","","","","","","","","","","","","","",""
"        Estimate","(X)","5.7%","66.9%","4.8%","19.7%","20.7%","21.7%","21.2%","6.2%","27.4%","24.1%","30.5%","(X)","44.3%","(X)","92.8%","(X)","97.2%","(X)","95.8%","(X)","76.8%","(X)","41.0%","(X)","9.1%","(X)","1.8%","(X)","44.0%","(X)","39.3%","(X)","48.8%"
"        Margin of Error","(X)","±0.1","±0.2","±0.1","±0.2","±0.2","±0.1","±0.2","±0.1","±0.2","±0.3","±0.2","(X)","±0.7","(X)","±0.3","(X)","±0.2","(X)","±0.2","(X)","±0.6","(X)","±0.5","(X)","±0.2","(X)","±0.1","(X)","±0.4","(X)","±0.6","(X)","±0.5"
"    In public school","","","","","","","","","","","","","","","","","","","","","","","","","","","","","","","","","",""
"        Estimate","(X)","83,455","1,649,256","111,898","481,176","510,116","546,066","373,492","87,913","461,405","203,135","258,270","(X)","61,976","(X)","544,536","(X)","639,059","(X)","397,229","(X)","183,470","(X)","189,051","(X)","93,932","(X)","84,863","(X)","289,890","(X)","134,036","(X)","155,854"
"        Margin of Error","(X)","±2,387","±6,414","±2,824","±4,566","±4,830","±3,913","±5,592","±2,687","±6,056","±3,712","±4,240","(X)","±1,905","(X)","±5,359","(X)","±5,257","(X)","±2,186","(X)","±2,214","(X)","±3,639","(X)","±2,799","(X)","±2,600","(X)","±4,433","(X)","±2,884","(X)","±2,984"
"    Percent in public school","","","","","","","","","","","","","","","","","","","","","","","","","","","","","","","","","",""
"        Estimate","75.3%","50.0%","84.6%","80.3%","83.8%","84.5%","86.5%","60.5%","48.8%","57.9%","58.8%","57.2%","(X)","49.8%","(X)","80.8%","(X)","84.8%","(X)","86.1%","(X)","65.6%","(X)","57.4%","(X)","61.1%","(X)","61.6%","(X)","56.4%","(X)","57.8%","(X)","55.2%"
"        Margin of Error","±0.3","±1.0","±0.3","±1.0","±0.4","±0.4","±0.4","±0.6","±1.0","±0.5","±0.7","±0.6","(X)","±1.2","(X)","±0.5","(X)","±0.4","(X)","±0.4","(X)","±0.6","(X)","±0.8","(X)","±1.1","(X)","±1.3","(X)","±0.6","(X)","±0.8","(X)","±0.8"
"    In private school","","","","","","","","","","","","","","","","","","","","","","","","","","","","","","","","","",""
"        Estimate","(X)","83,572","299,709","27,385","93,332","93,496","85,496","243,950","92,166","336,116","142,531","193,585","(X)","62,507","(X)","129,477","(X)","114,237","(X)","64,061","(X)","96,032","(X)","140,521","(X)","59,769","(X)","52,793","(X)","224,095","(X)","97,701","(X)","126,394"
"        Margin of Error","(X)","±2,197","±5,203","±1,490","±2,673","±2,641","±2,518","±3,666","±2,519","±4,790","±3,189","±3,493","(X)","±1,897","(X)","±3,088","(X)","±3,053","(X)","±1,948","(X)","±1,918","(X)","±2,848","(X)","±2,121","(X)","±1,939","(X)","±3,357","(X)","±2,388","(X)","±2,468"
"    Percent in private school","","","","","","","","","","","","","","","","","","","","","","","","","","","","","","","","","",""
"        Estimate","24.7%","50.0%","15.4%","19.7%","16.2%","15.5%","13.5%","39.5%","51.2%","42.1%","41.2%","42.8%","(X)","50.2%","(X)","19.2%","(X)","15.2%","(X)","13.9%","(X)","34.4%","(X)","42.6%","(X)","38.9%","(X)","38.4%","(X)","43.6%","(X)","42.2%","(X)","44.8%"
"        Margin of Error","±0.3","±1.0","±0.3","±1.0","±0.4","±0.4","±0.4","±0.6","±1.0","±0.5","±0.7","±0.6","(X)","±1.2","(X)","±0.5","(X)","±0.4","(X)","±0.4","(X)","±0.6","(X)","±0.8","(X)","±1.1","(X)","±1.3","(X)","±0.6","(X)","±0.8","(X)","±0.8"
"Rhode Island","","","","","","","","","","","","","","","","","","","","","","","","","","","","","","","","","",""
"    Total","","","","","","","","","","","","","","","","","","","","","","","","","","","","","","","","","",""
"        Estimate","258,948","13,648","153,490","11,235","45,957","44,995","51,303","72,028","19,782","91,810","41,470","50,340","22,992","11,081","56,762","53,143","59,389","57,620","38,020","36,701","35,028","29,149","75,547","38,911","152,419","17,979","631,382","14,364","110,575","61,006","54,760","27,124","55,815","33,882"
"        Margin of Error","±2,637","±825","±1,527","±1,041","±1,378","±1,571","±1,185","±1,938","±1,577","±2,333","±1,398","±1,598","±964","±768","±1,660","±1,698","±1,655","±1,783","±253","±480","±349","±599","±514","±1,358","±699","±1,282","±560","±1,308","±422","±1,458","±239","±988","±308","±1,013"
"    Percent","","","","","","","","","","","","","","","","","","","","","","","","","","","","","","","","","",""
"        Estimate","(X)","5.3%","59.3%","4.3%","17.7%","17.4%","19.8%","27.8%","7.6%","35.5%","32.4%","38.5%","(X)","48.2%","(X)","93.6%","(X)","97.0%","(X)","96.5%","(X)","83.2%","(X)","51.5%","(X)","11.8%","(X)","2.3%","(X)","55.2%","(X)","49.5%","(X)","60.7%"
"        Margin of Error","(X)","±0.3","±0.6","±0.4","±0.6","±0.6","±0.5","±0.6","±0.6","±0.7","±0.8","±0.9","(X)","±2.6","(X)","±1.3","(X)","±1.1","(X)","±0.9","(X)","±1.8","(X)","±1.8","(X)","±0.8","(X)","±0.2","(X)","±1.3","(X)","±1.8","(X)","±1.8"
"    In public school","","","","","","","","","","","","","","","","","","","","","","","","","","","","","","","","","",""
"        Estimate","(X)","7,962","132,913","9,418","40,168","38,976","44,351","40,117","8,151","48,268","20,645","27,623","(X)","6,693","(X)","45,100","(X)","49,966","(X)","31,785","(X)","16,194","(X)","20,367","(X)","9,816","(X)","9,222","(X)","30,511","(X)","12,806","(X)","17,705"
"        Margin of Error","(X)","±644","±1,825","±921","±1,466","±1,411","±1,171","±1,866","±941","±2,158","±1,256","±1,446","(X)","±648","(X)","±1,631","(X)","±1,639","(X)","±771","(X)","±661","(X)","±1,386","(X)","±983","(X)","±1,026","(X)","±1,640","(X)","±933","(X)","±1,142"
"    Percent in public school","","","","","","","","","","","","","","","","","","","","","","","","","","","","","","","","","",""
"        Estimate","73.0%","58.3%","86.6%","83.8%","87.4%","86.6%","86.4%","55.7%","41.2%","52.6%","49.8%","54.9%","(X)","60.4%","(X)","84.9%","(X)","86.7%","(X)","86.6%","(X)","55.6%","(X)","52.3%","(X)","54.6%","(X)","64.2%","(X)","50.0%","(X)","47.2%","(X)","52.3%"
"        Margin of Error","±0.8","±3.5","±0.9","±3.4","±1.6","±1.6","±1.6","±1.7","±3.6","±1.7","±2.3","±2.0","(X)","±4.0","(X)","±1.7","(X)","±1.3","(X)","±1.9","(X)","±1.8","(X)","±2.7","(X)","±3.4","(X)","±3.6","(X)","±2.0","(X)","±2.7","(X)","±2.5"
"    In private school","","","","","","","","","","","","","","","","","","","","","","","","","","","","","","","","","",""
"        Estimate","(X)","5,686","20,577","1,817","5,789","6,019","6,952","31,911","11,631","43,542","20,825","22,717","(X)","4,388","(X)","8,043","(X)","7,654","(X)","4,916","(X)","12,955","(X)","18,544","(X)","8,163","(X)","5,142","(X)","30,495","(X)","14,318","(X)","16,177"
"        Margin of Error","(X)","±616","±1,477","±433","±718","±782","±878","±1,234","±1,194","±1,695","±1,136","±1,171","(X)","±536","(X)","±984","(X)","±817","(X)","±693","(X)","±555","(X)","±1,114","(X)","±789","(X)","±673","(X)","±1,192","(X)","±850","(X)","±827"
"    Percent in private school","","","","","","","","","","","","","","","","","","","","","","","","","","","","","","","","","",""
"        Estimate","27.0%","41.7%","13.4%","16.2%","12.6%","13.4%","13.6%","44.3%","58.8%","47.4%","50.2%","45.1%","(X)","39.6%","(X)","15.1%","(X)","13.3%","(X)","13.4%","(X)","44.4%","(X)","47.7%","(X)","45.4%","(X)","35.8%","(X)","50.0%","(X)","52.8%","(X)","47.7%"
"        Margin of Error","±0.8","±3.5","±0.9","±3.4","±1.6","±1.6","±1.6","±1.7","±3.6","±1.7","±2.3","±2.0","(X)","±4.0","(X)","±1.7","(X)","±1.3","(X)","±1.9","(X)","±1.8","(X)","±2.7","(X)","±3.4","(X)","±3.6","(X)","±2.0","(X)","±2.7","(X)","±2.5"
"South Carolina","","","","","","","","","","","","","","","","","","","","","","","","","","","","","","","","","",""
"    Total","","","","","","","","","","","","","","","","","","","","","","","","","","","","","","","","","",""
"        Estimate","1,202,992","62,810","838,725","66,016","247,768","257,589","267,352","241,181","60,276","301,457","127,594","173,863","119,264","52,809","311,916","292,124","329,236","320,228","204,740","196,133","145,449","100,280","338,277","117,187","680,500","61,020","2,996,578","63,211","483,726","181,596","248,495","81,093","235,231","100,503"
"        Margin of Error","±4,989","±2,023","±3,086","±2,292","±4,257","±3,457","±2,724","±3,880","±2,251","±4,180","±2,902","±3,105","±2,672","±1,884","±3,759","±3,860","±3,878","±3,943","±468","±967","±1,209","±1,784","±1,321","±2,540","±1,491","±2,143","±976","±2,343","±1,091","±3,072","±863","±2,065","±543","±2,322"
"    Percent","","","","","","","","","","","","","","","","","","","","","","","","","","","","","","","","","",""
"        Estimate","(X)","5.2%","69.7%","5.5%","20.6%","21.4%","22.2%","20.0%","5.0%","25.1%","21.7%","28.2%","(X)","44.3%","(X)","93.7%","(X)","97.3%","(X)","95.8%","(X)","68.9%","(X)","34.6%","(X)","9.0%","(X)","2.1%","(X)","37.5%","(X)","32.6%","(X)","42.7%"
"        Margin of Error","(X)","±0.2","±0.3","±0.2","±0.4","±0.3","±0.2","±0.3","±0.2","±0.3","±0.4","±0.4","(X)","±1.2","(X)","±0.4","(X)","±0.3","(X)","±0.4","(X)","±1.2","(X)","±0.7","(X)","±0.3","(X)","±0.1","(X)","±0.6","(X)","±0.8","(X)","±1.0"
"    In public school","","","","","","","","","","","","","","","","","","","","","","","","","","","","","","","","","",""
"        Estimate","(X)","35,059","727,495","54,858","212,929","224,137","235,571","190,978","41,060","232,038","99,561","132,477","(X)","29,768","(X)","246,772","(X)","277,952","(X)","172,172","(X)","83,265","(X)","91,779","(X)","48,195","(X)","44,689","(X)","143,105","(X)","63,949","(X)","79,156"
"        Margin of Error","(X)","±1,729","±4,891","±2,078","±4,438","±3,673","±2,782","±3,741","±2,021","±4,204","±2,680","±3,130","(X)","±1,460","(X)","±3,883","(X)","±4,239","(X)","±1,504","(X)","±1,552","(X)","±2,691","(X)","±1,968","(X)","±1,858","(X)","±3,156","(X)","±1,983","(X)","±2,170"
"    Percent in public school","","","","","","","","","","","","","","","","","","","","","","","","","","","","","","","","","",""
"        Estimate","82.7%","55.8%","86.7%","83.1%","85.9%","87.0%","88.1%","79.2%","68.1%","77.0%","78.0%","76.2%","(X)","56.4%","(X)","84.5%","(X)","86.8%","(X)","87.8%","(X)","83.0%","(X)","78.3%","(X)","79.0%","(X)","70.7%","(X)","78.8%","(X)","78.9%","(X)","78.8%"
"        Margin of Error","±0.4","±2.0","±0.4","±1.3","±0.7","±0.6","±0.6","±0.7","±2.0","±0.7","±1.1","±0.9","(X)","±1.8","(X)","±0.7","(X)","±0.6","(X)","±0.6","(X)","±1.0","(X)","±1.2","(X)","±1.7","(X)","±1.6","(X)","±0.8","(X)","±1.2","(X)","±1.1"
"    In private school","","","","","","","","","","","","","","","","","","","","","","","","","","","","","","","","","",""
"        Estimate","(X)","27,751","111,230","11,158","34,839","33,452","31,781","50,203","19,216","69,419","28,033","41,386","(X)","23,041","(X)","45,352","(X)","42,276","(X)","23,961","(X)","17,015","(X)","25,408","(X)","12,825","(X)","18,522","(X)","38,491","(X)","17,144","(X)","21,347"
"        Margin of Error","(X)","±1,489","±3,723","±925","±1,813","±1,615","±1,622","±1,804","±1,369","±2,121","±1,573","±1,571","(X)","±1,251","(X)","±2,001","(X)","±1,919","(X)","±1,261","(X)","±1,107","(X)","±1,352","(X)","±1,112","(X)","±1,309","(X)","±1,433","(X)","±1,053","(X)","±1,181"
"    Percent in private school","","","","","","","","","","","","","","","","","","","","","","","","","","","","","","","","","",""
"        Estimate","17.3%","44.2%","13.3%","16.9%","14.1%","13.0%","11.9%","20.8%","31.9%","23.0%","22.0%","23.8%","(X)","43.6%","(X)","15.5%","(X)","13.2%","(X)","12.2%","(X)","17.0%","(X)","21.7%","(X)","21.0%","(X)","29.3%","(X)","21.2%","(X)","21.1%","(X)","21.2%"
"        Margin of Error","±0.4","±2.0","±0.4","±1.3","±0.7","±0.6","±0.6","±0.7","±2.0","±0.7","±1.1","±0.9","(X)","±1.8","(X)","±0.7","(X)","±0.6","(X)","±0.6","(X)","±1.0","(X)","±1.2","(X)","±1.7","(X)","±1.6","(X)","±0.8","(X)","±1.2","(X)","±1.1"
"South Dakota","","","","","","","","","","","","","","","","","","","","","","","","","","","","","","","","","",""
"    Total","","","","","","","","","","","","","","","","","","","","","","","","","","","","","","","","","",""
"        Estimate","216,085","13,166","157,830","12,113","48,106","49,325","48,286","36,909","8,180","45,089","19,927","25,162","23,018","8,180","61,418","56,840","63,306","61,569","37,938","36,219","24,544","17,401","59,395","19,692","114,387","8,400","489,359","7,784","83,939","29,475","44,006","13,476","39,933","15,999"
"        Margin of Error","±1,968","±781","±1,250","±752","±1,367","±1,299","±958","±1,374","±819","±1,491","±1,174","±989","±858","±571","±1,395","±1,377","±1,461","±1,499","±395","±388","±749","±698","±951","±1,238","±731","±753","±747","±639","±881","±1,293","±697","±952","±453","±712"
"    Percent","","","","","","","","","","","","","","","","","","","","","","","","","","","","","","","","","",""
"        Estimate","(X)","6.1%","73.0%","5.6%","22.3%","22.8%","22.3%","17.1%","3.8%","20.9%","18.5%","23.2%","(X)","35.5%","(X)","92.5%","(X)","97.3%","(X)","95.5%","(X)","70.9%","(X)","33.2%","(X)","7.3%","(X)","1.6%","(X)","35.1%","(X)","30.6%","(X)","40.1%"
"        Margin of Error","(X)","±0.4","±0.6","±0.4","±0.6","±0.6","±0.4","±0.6","±0.4","±0.5","±0.9","±0.7","(X)","±2.1","(X)","±0.9","(X)","±0.5","(X)","±0.6","(X)","±2.2","(X)","±2.0","(X)","±0.7","(X)","±0.1","(X)","±1.5","(X)","±2.1","(X)","±1.8"
"    In public school","","","","","","","","","","","","","","","","","","","","","","","","","","","","","","","","","",""
"        Estimate","(X)","9,500","139,736","10,483","41,768","43,829","43,656","32,237","6,200","38,437","17,240","21,197","(X)","5,785","(X)","48,709","(X)","54,706","(X)","32,997","(X)","15,320","(X)","16,902","(X)","7,072","(X)","6,182","(X)","25,597","(X)","11,813","(X)","13,784"
"        Margin of Error","(X)","±661","±1,979","±690","±1,404","±1,227","±1,052","±1,217","±672","±1,298","±974","±921","(X)","±512","(X)","±1,618","(X)","±1,394","(X)","±572","(X)","±741","(X)","±1,123","(X)","±708","(X)","±615","(X)","±1,098","(X)","±784","(X)","±676"
"    Percent in public school","","","","","","","","","","","","","","","","","","","","","","","","","","","","","","","","","",""
"        Estimate","86.9%","72.2%","88.5%","86.5%","86.8%","88.9%","90.4%","87.3%","75.8%","85.2%","86.5%","84.2%","(X)","70.7%","(X)","85.7%","(X)","88.9%","(X)","91.1%","(X)","88.0%","(X)","85.8%","(X)","84.2%","(X)","79.4%","(X)","86.8%","(X)","87.7%","(X)","86.2%"
"        Margin of Error","±0.8","±2.6","±1.0","±2.3","±1.6","±1.3","±1.1","±1.5","±3.7","±1.4","±2.3","±1.6","(X)","±3.5","(X)","±1.5","(X)","±1.2","(X)","±1.1","(X)","±1.9","(X)","±2.1","(X)","±3.3","(X)","±3.2","(X)","±1.8","(X)","±3.2","(X)","±2.0"
"    In private school","","","","","","","","","","","","","","","","","","","","","","","","","","","","","","","","","",""
"        Estimate","(X)","3,666","18,094","1,630","6,338","5,496","4,630","4,672","1,980","6,652","2,687","3,965","(X)","2,395","(X)","8,131","(X)","6,863","(X)","3,222","(X)","2,081","(X)","2,790","(X)","1,328","(X)","1,602","(X)","3,878","(X)","1,663","(X)","2,215"
"        Margin of Error","(X)","±413","±1,511","±310","±811","±675","±515","±602","±372","±712","±531","±440","(X)","±326","(X)","±847","(X)","±813","(X)","±405","(X)","±332","(X)","±461","(X)","±293","(X)","±252","(X)","±604","(X)","±489","(X)","±345"
"    Percent in private school","","","","","","","","","","","","","","","","","","","","","","","","","","","","","","","","","",""
"        Estimate","13.1%","27.8%","11.5%","13.5%","13.2%","11.1%","9.6%","12.7%","24.2%","14.8%","13.5%","15.8%","(X)","29.3%","(X)","14.3%","(X)","11.1%","(X)","8.9%","(X)","12.0%","(X)","14.2%","(X)","15.8%","(X)","20.6%","(X)","13.2%","(X)","12.3%","(X)","13.8%"
"        Margin of Error","±0.8","±2.6","±1.0","±2.3","±1.6","±1.3","±1.1","±1.5","±3.7","±1.4","±2.3","±1.6","(X)","±3.5","(X)","±1.5","(X)","±1.2","(X)","±1.1","(X)","±1.9","(X)","±2.1","(X)","±3.3","(X)","±3.2","(X)","±1.8","(X)","±3.2","(X)","±2.0"
"Tennessee","","","","","","","","","","","","","","","","","","","","","","","","","","","","","","","","","",""
"    Total","","","","","","","","","","","","","","","","","","","","","","","","","","","","","","","","","",""
"        Estimate","1,593,794","85,268","1,126,361","84,258","335,069","348,425","358,609","297,705","84,460","382,165","162,599","219,566","168,205","63,820","427,842","394,963","449,752","435,258","278,451","268,171","170,913","119,022","458,171","153,372","977,398","84,755","3,892,932","74,433","629,084","227,224","318,717","99,011","310,367","128,213"
"        Margin of Error","±7,043","±2,881","±4,238","±2,453","±4,375","±4,534","±2,764","±4,203","±2,861","±5,164","±3,612","±3,318","±3,107","±2,309","±4,605","±4,463","±4,716","±4,817","±759","±1,193","±1,281","±2,043","±1,495","±3,179","±1,695","±2,735","±1,356","±2,781","±1,492","±3,745","±897","±2,665","±1,020","±2,503"
"    Percent","","","","","","","","","","","","","","","","","","","","","","","","","","","","","","","","","",""
"        Estimate","(X)","5.4%","70.7%","5.3%","21.0%","21.9%","22.5%","18.7%","5.3%","24.0%","20.7%","27.2%","(X)","37.9%","(X)","92.3%","(X)","96.8%","(X)","96.3%","(X)","69.6%","(X)","33.5%","(X)","8.7%","(X)","1.9%","(X)","36.1%","(X)","31.1%","(X)","41.3%"
"        Margin of Error","(X)","±0.2","±0.3","±0.2","±0.3","±0.3","±0.2","±0.2","±0.2","±0.3","±0.4","±0.3","(X)","±1.2","(X)","±0.4","(X)","±0.3","(X)","±0.4","(X)","±1.1","(X)","±0.7","(X)","±0.3","(X)","±0.1","(X)","±0.6","(X)","±0.8","(X)","±0.8"
"    In public school","","","","","","","","","","","","","","","","","","","","","","","","","","","","","","","","","",""
"        Estimate","(X)","50,437","945,586","70,329","283,965","292,148","299,144","224,558","50,922","275,480","119,082","156,398","(X)","37,275","(X)","328,881","(X)","366,038","(X)","223,480","(X)","90,157","(X)","110,820","(X)","62,544","(X)","52,308","(X)","164,360","(X)","73,438","(X)","90,922"
"        Margin of Error","(X)","±2,436","±6,113","±2,317","±4,180","±4,518","±3,331","±4,307","±2,127","±4,802","±3,291","±3,323","(X)","±1,975","(X)","±4,191","(X)","±4,860","(X)","±2,174","(X)","±1,828","(X)","±2,866","(X)","±2,383","(X)","±2,335","(X)","±3,536","(X)","±2,355","(X)","±2,457"
"    Percent in public school","","","","","","","","","","","","","","","","","","","","","","","","","","","","","","","","","",""
"        Estimate","79.8%","59.2%","84.0%","83.5%","84.7%","83.8%","83.4%","75.4%","60.3%","72.1%","73.2%","71.2%","(X)","58.4%","(X)","83.3%","(X)","84.1%","(X)","83.3%","(X)","75.7%","(X)","72.3%","(X)","73.8%","(X)","70.3%","(X)","72.3%","(X)","74.2%","(X)","70.9%"
"        Margin of Error","±0.3","±1.7","±0.4","±1.3","±0.6","±0.6","±0.6","±0.7","±1.6","±0.7","±0.9","±1.0","(X)","±1.9","(X)","±0.6","(X)","±0.6","(X)","±0.7","(X)","±1.2","(X)","±1.1","(X)","±1.7","(X)","±1.7","(X)","±0.8","(X)","±1.1","(X)","±1.2"
"    In private school","","","","","","","","","","","","","","","","","","","","","","","","","","","","","","","","","",""
"        Estimate","(X)","34,831","180,775","13,929","51,104","56,277","59,465","73,147","33,538","106,685","43,517","63,168","(X)","26,545","(X)","66,082","(X)","69,220","(X)","44,691","(X)","28,865","(X)","42,552","(X)","22,211","(X)","22,125","(X)","62,864","(X)","25,573","(X)","37,291"
"        Margin of Error","(X)","±1,701","±4,819","±1,132","±2,250","±2,191","±2,354","±2,109","±1,775","±2,856","±1,530","±2,276","(X)","±1,379","(X)","±2,404","(X)","±2,516","(X)","±2,000","(X)","±1,572","(X)","±1,912","(X)","±1,619","(X)","±1,496","(X)","±1,876","(X)","±1,228","(X)","±1,640"
"    Percent in private school","","","","","","","","","","","","","","","","","","","","","","","","","","","","","","","","","",""
"        Estimate","20.2%","40.8%","16.0%","16.5%","15.3%","16.2%","16.6%","24.6%","39.7%","27.9%","26.8%","28.8%","(X)","41.6%","(X)","16.7%","(X)","15.9%","(X)","16.7%","(X)","24.3%","(X)","27.7%","(X)","26.2%","(X)","29.7%","(X)","27.7%","(X)","25.8%","(X)","29.1%"
"        Margin of Error","±0.3","±1.7","±0.4","±1.3","±0.6","±0.6","±0.6","±0.7","±1.6","±0.7","±0.9","±1.0","(X)","±1.9","(X)","±0.6","(X)","±0.6","(X)","±0.7","(X)","±1.2","(X)","±1.1","(X)","±1.7","(X)","±1.7","(X)","±0.8","(X)","±1.1","(X)","±1.2"
"Texas","","","","","","","","","","","","","","","","","","","","","","","","","","","","","","","","","",""
"    Total","","","","","","","","","","","","","","","","","","","","","","","","","","","","","","","","","",""
"        Estimate","7,886,029","438,490","5,564,878","424,525","1,663,384","1,721,288","1,755,681","1,488,111","394,550","1,882,661","834,028","1,048,633","810,373","350,756","2,084,418","1,956,884","2,194,333","2,135,620","1,330,689","1,278,537","841,733","580,261","2,084,569","742,183","4,366,602","442,243","15,350,872","399,545","2,926,302","1,063,166","1,502,362","482,861","1,423,940","580,305"
"        Margin of Error","±16,571","±6,595","±9,622","±6,247","±9,857","±11,442","±8,181","±11,524","±6,314","±12,218","±9,403","±7,410","±6,878","±5,634","±11,436","±10,992","±11,589","±11,883","±1,033","±2,926","±2,692","±4,141","±3,236","±7,701","±3,302","±7,459","±3,229","±6,601","±2,872","±9,031","±2,248","±6,660","±1,548","±5,254"
"    Percent","","","","","","","","","","","","","","","","","","","","","","","","","","","","","","","","","",""
"        Estimate","(X)","5.6%","70.6%","5.4%","21.1%","21.8%","22.3%","18.9%","5.0%","23.9%","21.3%","26.4%","(X)","43.3%","(X)","93.9%","(X)","97.3%","(X)","96.1%","(X)","68.9%","(X)","35.6%","(X)","10.1%","(X)","2.6%","(X)","36.3%","(X)","32.1%","(X)","40.8%"
"        Margin of Error","(X)","±0.1","±0.1","±0.1","±0.1","±0.1","±0.1","±0.1","±0.1","±0.1","±0.2","±0.1","(X)","±0.6","(X)","±0.2","(X)","±0.1","(X)","±0.2","(X)","±0.5","(X)","±0.4","(X)","±0.2","(X)","±0.1","(X)","±0.3","(X)","±0.4","(X)","±0.4"
"    In public school","","","","","","","","","","","","","","","","","","","","","","","","","","","","","","","","","",""
"        Estimate","(X)","278,514","5,049,112","372,614","1,502,143","1,564,547","1,609,808","1,246,544","278,212","1,524,756","678,561","846,195","(X)","221,914","(X)","1,734,409","(X)","1,943,413","(X)","1,171,889","(X)","506,484","(X)","618,204","(X)","360,728","(X)","295,341","(X)","887,434","(X)","406,012","(X)","481,422"
"        Margin of Error","(X)","±5,371","±13,248","±6,349","±9,726","±10,750","±8,214","±10,564","±5,726","±11,185","±7,773","±6,808","(X)","±4,866","(X)","±11,717","(X)","±11,891","(X)","±4,158","(X)","±4,201","(X)","±6,767","(X)","±6,543","(X)","±5,586","(X)","±8,420","(X)","±6,038","(X)","±4,810"
"    Percent in public school","","","","","","","","","","","","","","","","","","","","","","","","","","","","","","","","","",""
"        Estimate","86.9%","63.5%","90.7%","87.8%","90.3%","90.9%","91.7%","83.8%","70.5%","81.0%","81.4%","80.7%","(X)","63.3%","(X)","88.6%","(X)","91.0%","(X)","91.7%","(X)","87.3%","(X)","83.3%","(X)","81.6%","(X)","73.9%","(X)","83.5%","(X)","84.1%","(X)","83.0%"
"        Margin of Error","±0.2","±0.9","±0.2","±0.5","±0.3","±0.2","±0.2","±0.3","±0.8","±0.3","±0.4","±0.4","(X)","±1.0","(X)","±0.3","(X)","±0.2","(X)","±0.2","(X)","±0.4","(X)","±0.4","(X)","±0.7","(X)","±0.7","(X)","±0.4","(X)","±0.6","(X)","±0.5"
"    In private school","","","","","","","","","","","","","","","","","","","","","","","","","","","","","","","","","",""
"        Estimate","(X)","159,976","515,766","51,911","161,241","156,741","145,873","241,567","116,338","357,905","155,467","202,438","(X)","128,842","(X)","222,475","(X)","192,207","(X)","106,648","(X)","73,777","(X)","123,979","(X)","81,515","(X)","104,204","(X)","175,732","(X)","76,849","(X)","98,883"
"        Margin of Error","(X)","±4,729","±9,663","±2,164","±4,804","±3,749","±4,117","±5,102","±3,645","±6,084","±4,141","±4,274","(X)","±4,030","(X)","±6,004","(X)","±4,609","(X)","±3,006","(X)","±2,579","(X)","±3,576","(X)","±3,297","(X)","±3,332","(X)","±4,285","(X)","±3,056","(X)","±3,347"
"    Percent in private school","","","","","","","","","","","","","","","","","","","","","","","","","","","","","","","","","",""
"        Estimate","13.1%","36.5%","9.3%","12.2%","9.7%","9.1%","8.3%","16.2%","29.5%","19.0%","18.6%","19.3%","(X)","36.7%","(X)","11.4%","(X)","9.0%","(X)","8.3%","(X)","12.7%","(X)","16.7%","(X)","18.4%","(X)","26.1%","(X)","16.5%","(X)","15.9%","(X)","17.0%"
"        Margin of Error","±0.2","±0.9","±0.2","±0.5","±0.3","±0.2","±0.2","±0.3","±0.8","±0.3","±0.4","±0.4","(X)","±1.0","(X)","±0.3","(X)","±0.2","(X)","±0.2","(X)","±0.4","(X)","±0.4","(X)","±0.7","(X)","±0.7","(X)","±0.4","(X)","±0.6","(X)","±0.5"
"Utah","","","","","","","","","","","","","","","","","","","","","","","","","","","","","","","","","",""
"    Total","","","","","","","","","","","","","","","","","","","","","","","","","","","","","","","","","",""
"        Estimate","1,027,767","56,332","697,333","50,680","205,119","214,324","227,210","229,778","44,324","274,102","130,192","143,910","96,518","41,022","261,035","245,227","274,307","268,265","172,189","165,791","107,153","69,876","287,296","122,915","502,936","68,833","1,551,957","45,838","394,449","160,949","200,531","74,922","193,918","86,027"
"        Margin of Error","±5,485","±1,838","±2,314","±1,766","±2,944","±3,270","±2,099","±4,298","±1,614","±4,681","±2,693","±2,983","±1,855","±1,610","±2,873","±2,858","±2,895","±3,055","±333","±767","±589","±1,176","±783","±2,844","±803","±2,273","±745","±1,578","±804","±3,082","±526","±1,984","±465","±1,911"
"    Percent","","","","","","","","","","","","","","","","","","","","","","","","","","","","","","","","","",""
"        Estimate","(X)","5.5%","67.8%","4.9%","20.0%","20.9%","22.1%","22.4%","4.3%","26.7%","25.1%","28.3%","(X)","42.5%","(X)","93.9%","(X)","97.8%","(X)","96.3%","(X)","65.2%","(X)","42.8%","(X)","13.7%","(X)","3.0%","(X)","40.8%","(X)","37.4%","(X)","44.4%"
"        Margin of Error","(X)","±0.2","±0.4","±0.2","±0.3","±0.3","±0.2","±0.3","±0.2","±0.3","±0.4","±0.4","(X)","±1.3","(X)","±0.4","(X)","±0.3","(X)","±0.4","(X)","±1.1","(X)","±1.0","(X)","±0.5","(X)","±0.1","(X)","±0.8","(X)","±1.0","(X)","±1.0"
"    In public school","","","","","","","","","","","","","","","","","","","","","","","","","","","","","","","","","",""
"        Estimate","(X)","33,012","644,132","44,562","186,224","198,765","214,581","163,480","30,453","193,933","92,645","101,288","(X)","23,883","(X)","216,736","(X)","248,643","(X)","155,988","(X)","58,670","(X)","83,952","(X)","51,566","(X)","31,639","(X)","112,304","(X)","52,060","(X)","60,244"
"        Margin of Error","(X)","±1,474","±3,822","±1,701","±3,039","±3,382","±2,267","±3,921","±1,429","±4,385","±2,569","±2,734","(X)","±1,284","(X)","±3,065","(X)","±3,263","(X)","±1,056","(X)","±1,247","(X)","±2,480","(X)","±2,215","(X)","±1,333","(X)","±2,801","(X)","±1,799","(X)","±1,867"
"    Percent in public school","","","","","","","","","","","","","","","","","","","","","","","","","","","","","","","","","",""
"        Estimate","84.8%","58.6%","92.4%","87.9%","90.8%","92.7%","94.4%","71.1%","68.7%","70.8%","71.2%","70.4%","(X)","58.2%","(X)","88.4%","(X)","92.7%","(X)","94.1%","(X)","84.0%","(X)","68.3%","(X)","74.9%","(X)","69.0%","(X)","69.8%","(X)","69.5%","(X)","70.0%"
"        Margin of Error","±0.4","±1.7","±0.4","±1.3","±0.7","±0.4","±0.4","±0.9","±1.9","±0.8","±1.1","±1.0","(X)","±2.0","(X)","±0.7","(X)","±0.4","(X)","±0.4","(X)","±1.4","(X)","±1.2","(X)","±1.5","(X)","±1.6","(X)","±1.0","(X)","±1.4","(X)","±1.4"
"    In private school","","","","","","","","","","","","","","","","","","","","","","","","","","","","","","","","","",""
"        Estimate","(X)","23,320","53,201","6,118","18,895","15,559","12,629","66,298","13,871","80,169","37,547","42,622","(X)","17,139","(X)","28,491","(X)","19,622","(X)","9,803","(X)","11,206","(X)","38,963","(X)","17,267","(X)","14,199","(X)","48,645","(X)","22,862","(X)","25,783"
"        Margin of Error","(X)","±1,191","±2,648","±681","±1,519","±924","±910","±2,201","±933","±2,327","±1,483","±1,638","(X)","±1,007","(X)","±1,795","(X)","±1,136","(X)","±714","(X)","±1,018","(X)","±1,634","(X)","±1,029","(X)","±859","(X)","±1,792","(X)","±1,211","(X)","±1,277"
"    Percent in private school","","","","","","","","","","","","","","","","","","","","","","","","","","","","","","","","","",""
"        Estimate","15.2%","41.4%","7.6%","12.1%","9.2%","7.3%","5.6%","28.9%","31.3%","29.2%","28.8%","29.6%","(X)","41.8%","(X)","11.6%","(X)","7.3%","(X)","5.9%","(X)","16.0%","(X)","31.7%","(X)","25.1%","(X)","31.0%","(X)","30.2%","(X)","30.5%","(X)","30.0%"
"        Margin of Error","±0.4","±1.7","±0.4","±1.3","±0.7","±0.4","±0.4","±0.9","±1.9","±0.8","±1.1","±1.0","(X)","±2.0","(X)","±0.7","(X)","±0.4","(X)","±0.4","(X)","±1.4","(X)","±1.2","(X)","±1.5","(X)","±1.6","(X)","±1.0","(X)","±1.4","(X)","±1.4"
"Vermont","","","","","","","","","","","","","","","","","","","","","","","","","","","","","","","","","",""
"    Total","","","","","","","","","","","","","","","","","","","","","","","","","","","","","","","","","",""
"        Estimate","140,973","9,271","86,253","6,027","24,021","27,775","28,430","36,652","8,797","45,449","20,163","25,286","11,694","6,983","31,056","29,290","35,119","33,794","22,115","21,026","21,102","16,969","43,590","18,283","76,719","7,764","389,709","6,864","64,692","30,793","33,070","14,247","31,622","16,546"
"        Margin of Error","±1,650","±673","±921","±480","±930","±952","±689","±1,084","±714","±1,363","±944","±916","±540","±509","±842","±848","±866","±878","±201","±354","±469","±509","±515","±999","±505","±598","±393","±624","±437","±942","±376","±643","±283","±795"
"    Percent","","","","","","","","","","","","","","","","","","","","","","","","","","","","","","","","","",""
"        Estimate","(X)","6.6%","61.2%","4.3%","17.0%","19.7%","20.2%","26.0%","6.2%","32.2%","28.9%","35.5%","(X)","59.7%","(X)","94.3%","(X)","96.2%","(X)","95.1%","(X)","80.4%","(X)","41.9%","(X)","10.1%","(X)","1.8%","(X)","47.6%","(X)","43.1%","(X)","52.3%"
"        Margin of Error","(X)","±0.5","±0.8","±0.3","±0.6","±0.7","±0.5","±0.6","±0.5","±0.7","±1.0","±0.9","(X)","±3.4","(X)","±1.1","(X)","±1.0","(X)","±1.3","(X)","±1.9","(X)","±2.1","(X)","±0.8","(X)","±0.2","(X)","±1.5","(X)","±2.0","(X)","±2.5"
"    In public school","","","","","","","","","","","","","","","","","","","","","","","","","","","","","","","","","",""
"        Estimate","(X)","6,117","74,921","5,451","20,914","24,450","24,106","24,907","4,866","29,773","12,824","16,949","(X)","4,535","(X)","25,328","(X)","29,457","(X)","17,684","(X)","12,210","(X)","11,898","(X)","5,315","(X)","4,384","(X)","20,128","(X)","8,832","(X)","11,296"
"        Margin of Error","(X)","±489","±1,092","±431","±894","±924","±609","±1,192","±529","±1,342","±930","±981","(X)","±412","(X)","±856","(X)","±888","(X)","±379","(X)","±558","(X)","±1,003","(X)","±539","(X)","±454","(X)","±1,077","(X)","±652","(X)","±904"
"    Percent in public school","","","","","","","","","","","","","","","","","","","","","","","","","","","","","","","","","",""
"        Estimate","78.6%","66.0%","86.9%","90.4%","87.1%","88.0%","84.8%","68.0%","55.3%","65.5%","63.6%","67.0%","(X)","64.9%","(X)","86.5%","(X)","87.2%","(X)","84.1%","(X)","72.0%","(X)","65.1%","(X)","68.5%","(X)","63.9%","(X)","65.4%","(X)","62.0%","(X)","68.3%"
"        Margin of Error","±0.8","±3.5","±1.0","±2.2","±1.6","±1.4","±1.4","±2.1","±4.3","±2.0","±2.7","±2.7","(X)","±3.6","(X)","±1.4","(X)","±1.3","(X)","±1.4","(X)","±2.6","(X)","±3.2","(X)","±4.4","(X)","±4.2","(X)","±2.4","(X)","±3.1","(X)","±3.4"
"    In private school","","","","","","","","","","","","","","","","","","","","","","","","","","","","","","","","","",""
"        Estimate","(X)","3,154","11,332","576","3,107","3,325","4,324","11,745","3,931","15,676","7,339","8,337","(X)","2,448","(X)","3,962","(X)","4,337","(X)","3,342","(X)","4,759","(X)","6,385","(X)","2,449","(X)","2,480","(X)","10,665","(X)","5,415","(X)","5,250"
"        Margin of Error","(X)","±438","±840","±149","±403","±404","±438","±776","±509","±961","±549","±687","(X)","±314","(X)","±420","(X)","±461","(X)","±317","(X)","±472","(X)","±593","(X)","±394","(X)","±393","(X)","±738","(X)","±465","(X)","±531"
"    Percent in private school","","","","","","","","","","","","","","","","","","","","","","","","","","","","","","","","","",""
"        Estimate","21.4%","34.0%","13.1%","9.6%","12.9%","12.0%","15.2%","32.0%","44.7%","34.5%","36.4%","33.0%","(X)","35.1%","(X)","13.5%","(X)","12.8%","(X)","15.9%","(X)","28.0%","(X)","34.9%","(X)","31.5%","(X)","36.1%","(X)","34.6%","(X)","38.0%","(X)","31.7%"
"        Margin of Error","±0.8","±3.5","±1.0","±2.2","±1.6","±1.4","±1.4","±2.1","±4.3","±2.0","±2.7","±2.7","(X)","±3.6","(X)","±1.4","(X)","±1.3","(X)","±1.4","(X)","±2.6","(X)","±3.2","(X)","±4.4","(X)","±4.2","(X)","±2.4","(X)","±3.1","(X)","±3.4"
"Virginia","","","","","","","","","","","","","","","","","","","","","","","","","","","","","","","","","",""
"    Total","","","","","","","","","","","","","","","","","","","","","","","","","","","","","","","","","",""
"        Estimate","2,095,439","111,941","1,380,448","103,816","407,392","425,387","443,853","459,164","143,886","603,050","270,175","332,875","199,758","89,565","518,906","486,057","547,796","529,070","334,671","322,713","238,492","175,409","568,167","228,540","1,173,927","134,490","4,833,751","129,595","806,659","344,716","413,182","156,432","393,477","188,284"
"        Margin of Error","±7,783","±2,553","±3,109","±2,251","±3,580","±3,798","±2,628","±5,314","±3,573","±6,239","±3,512","±4,561","±2,468","±2,268","±4,279","±4,270","±4,316","±4,375","±866","±1,117","±1,874","±2,146","±1,967","±3,210","±2,171","±3,463","±1,685","±3,036","±1,710","±3,536","±1,152","±2,335","±1,125","±2,960"
"    Percent","","","","","","","","","","","","","","","","","","","","","","","","","","","","","","","","","",""
"        Estimate","(X)","5.3%","65.9%","5.0%","19.4%","20.3%","21.2%","21.9%","6.9%","28.8%","26.0%","31.6%","(X)","44.8%","(X)","93.7%","(X)","96.6%","(X)","96.4%","(X)","73.5%","(X)","40.2%","(X)","11.5%","(X)","2.7%","(X)","42.7%","(X)","37.9%","(X)","47.9%"
"        Margin of Error","(X)","±0.1","±0.2","±0.1","±0.2","±0.2","±0.1","±0.2","±0.2","±0.2","±0.3","±0.3","(X)","±1.0","(X)","±0.3","(X)","±0.3","(X)","±0.3","(X)","±0.8","(X)","±0.5","(X)","±0.3","(X)","±0.1","(X)","±0.4","(X)","±0.6","(X)","±0.8"
"    In public school","","","","","","","","","","","","","","","","","","","","","","","","","","","","","","","","","",""
"        Estimate","(X)","49,408","1,199,736","85,223","349,314","370,533","394,666","361,746","86,931","448,677","203,330","245,347","(X)","40,576","(X)","403,327","(X)","460,759","(X)","287,552","(X)","145,742","(X)","177,827","(X)","96,562","(X)","85,476","(X)","272,186","(X)","125,117","(X)","147,069"
"        Margin of Error","(X)","±1,612","±4,404","±2,018","±3,645","±3,936","±2,979","±4,983","±2,694","±5,653","±3,333","±4,131","(X)","±1,622","(X)","±3,918","(X)","±4,616","(X)","±1,756","(X)","±2,452","(X)","±3,067","(X)","±2,711","(X)","±2,560","(X)","±3,605","(X)","±2,278","(X)","±2,880"
"    Percent in public school","","","","","","","","","","","","","","","","","","","","","","","","","","","","","","","","","",""
"        Estimate","81.0%","44.1%","86.9%","82.1%","85.7%","87.1%","88.9%","78.8%","60.4%","74.4%","75.3%","73.7%","(X)","45.3%","(X)","83.0%","(X)","87.1%","(X)","89.1%","(X)","83.1%","(X)","77.8%","(X)","71.8%","(X)","66.0%","(X)","79.0%","(X)","80.0%","(X)","78.1%"
"        Margin of Error","±0.2","±1.2","±0.3","±0.9","±0.5","±0.4","±0.4","±0.6","±1.2","±0.5","±0.7","±0.7","(X)","±1.5","(X)","±0.5","(X)","±0.4","(X)","±0.4","(X)","±0.8","(X)","±0.8","(X)","±1.1","(X)","±1.3","(X)","±0.6","(X)","±0.9","(X)","±0.9"
"    In private school","","","","","","","","","","","","","","","","","","","","","","","","","","","","","","","","","",""
"        Estimate","(X)","62,533","180,712","18,593","58,078","54,854","49,187","97,418","56,955","154,373","66,845","87,528","(X)","48,989","(X)","82,730","(X)","68,311","(X)","35,161","(X)","29,667","(X)","50,713","(X)","37,928","(X)","44,119","(X)","72,530","(X)","31,315","(X)","41,215"
"        Margin of Error","(X)","±2,079","±4,023","±1,039","±2,239","±1,903","±1,766","±2,906","±2,216","±3,517","±2,175","±2,546","(X)","±1,847","(X)","±2,517","(X)","±2,171","(X)","±1,383","(X)","±1,300","(X)","±1,862","(X)","±1,918","(X)","±2,014","(X)","±2,191","(X)","±1,500","(X)","±1,902"
"    Percent in private school","","","","","","","","","","","","","","","","","","","","","","","","","","","","","","","","","",""
"        Estimate","19.0%","55.9%","13.1%","17.9%","14.3%","12.9%","11.1%","21.2%","39.6%","25.6%","24.7%","26.3%","(X)","54.7%","(X)","17.0%","(X)","12.9%","(X)","10.9%","(X)","16.9%","(X)","22.2%","(X)","28.2%","(X)","34.0%","(X)","21.0%","(X)","20.0%","(X)","21.9%"
"        Margin of Error","±0.2","±1.2","±0.3","±0.9","±0.5","±0.4","±0.4","±0.6","±1.2","±0.5","±0.7","±0.7","(X)","±1.5","(X)","±0.5","(X)","±0.4","(X)","±0.4","(X)","±0.8","(X)","±0.8","(X)","±1.1","(X)","±1.3","(X)","±0.6","(X)","±0.9","(X)","±0.9"
"Washington","","","","","","","","","","","","","","","","","","","","","","","","","","","","","","","","","",""
"    Total","","","","","","","","","","","","","","","","","","","","","","","","","","","","","","","","","",""
"        Estimate","1,763,756","103,551","1,218,158","90,833","369,069","376,838","381,418","345,365","96,682","442,047","197,766","244,281","182,737","78,366","468,581","435,541","480,489","469,182","289,587","280,745","178,462","119,760","482,036","153,990","1,188,178","119,125","4,296,213","107,047","660,498","219,193","343,074","101,128","317,424","118,065"
"        Margin of Error","±7,061","±2,409","±3,910","±2,585","±3,898","±3,858","±2,623","±5,100","±2,844","±5,664","±3,957","±3,533","±2,906","±2,355","±3,449","±3,874","±3,501","±3,653","±439","±934","±808","±1,534","±920","±3,200","±951","±3,029","±853","±2,972","±790","±3,507","±602","±2,480","±503","±2,397"
"    Percent","","","","","","","","","","","","","","","","","","","","","","","","","","","","","","","","","",""
"        Estimate","(X)","5.9%","69.1%","5.1%","20.9%","21.4%","21.6%","19.6%","5.5%","25.1%","22.6%","27.5%","(X)","42.9%","(X)","92.9%","(X)","97.6%","(X)","96.9%","(X)","67.1%","(X)","31.9%","(X)","10.0%","(X)","2.5%","(X)","33.2%","(X)","29.5%","(X)","37.2%"
"        Margin of Error","(X)","±0.1","±0.3","±0.1","±0.2","±0.2","±0.2","±0.2","±0.2","±0.2","±0.3","±0.3","(X)","±1.1","(X)","±0.4","(X)","±0.2","(X)","±0.3","(X)","±0.9","(X)","±0.6","(X)","±0.3","(X)","±0.1","(X)","±0.5","(X)","±0.7","(X)","±0.8"
"    In public school","","","","","","","","","","","","","","","","","","","","","","","","","","","","","","","","","",""
"        Estimate","(X)","48,427","1,068,720","74,056","316,200","331,442","347,022","284,056","62,154","346,210","156,730","189,480","(X)","36,254","(X)","360,492","(X)","412,122","(X)","255,052","(X)","103,273","(X)","122,170","(X)","95,153","(X)","78,841","(X)","175,116","(X)","81,630","(X)","93,486"
"        Margin of Error","(X)","±1,881","±4,886","±2,204","±3,975","±4,047","±2,975","±4,582","±2,130","±4,913","±3,591","±3,165","(X)","±1,760","(X)","±3,782","(X)","±4,006","(X)","±1,459","(X)","±1,615","(X)","±3,064","(X)","±2,914","(X)","±2,607","(X)","±3,345","(X)","±2,413","(X)","±2,221"
"    Percent in public school","","","","","","","","","","","","","","","","","","","","","","","","","","","","","","","","","",""
"        Estimate","83.0%","46.8%","87.7%","81.5%","85.7%","88.0%","91.0%","82.2%","64.3%","78.3%","79.3%","77.6%","(X)","46.3%","(X)","82.8%","(X)","87.8%","(X)","90.8%","(X)","86.2%","(X)","79.3%","(X)","79.9%","(X)","73.7%","(X)","79.9%","(X)","80.7%","(X)","79.2%"
"        Margin of Error","±0.3","±1.4","±0.3","±1.0","±0.5","±0.5","±0.4","±0.5","±1.5","±0.5","±0.8","±0.7","(X)","±1.7","(X)","±0.5","(X)","±0.4","(X)","±0.4","(X)","±0.7","(X)","±0.9","(X)","±1.0","(X)","±1.2","(X)","±0.6","(X)","±1.0","(X)","±0.8"
"    In private school","","","","","","","","","","","","","","","","","","","","","","","","","","","","","","","","","",""
"        Estimate","(X)","55,124","149,438","16,777","52,869","45,396","34,396","61,309","34,528","95,837","41,036","54,801","(X)","42,112","(X)","75,049","(X)","57,060","(X)","25,693","(X)","16,487","(X)","31,820","(X)","23,972","(X)","28,206","(X)","44,077","(X)","19,498","(X)","24,579"
"        Margin of Error","(X)","±1,925","±3,360","±1,093","±1,868","±1,772","±1,598","±2,110","±1,876","±2,654","±1,645","±1,919","(X)","±1,818","(X)","±2,314","(X)","±2,050","(X)","±1,234","(X)","±786","(X)","±1,398","(X)","±1,188","(X)","±1,441","(X)","±1,432","(X)","±1,003","(X)","±1,051"
"    Percent in private school","","","","","","","","","","","","","","","","","","","","","","","","","","","","","","","","","",""
"        Estimate","17.0%","53.2%","12.3%","18.5%","14.3%","12.0%","9.0%","17.8%","35.7%","21.7%","20.7%","22.4%","(X)","53.7%","(X)","17.2%","(X)","12.2%","(X)","9.2%","(X)","13.8%","(X)","20.7%","(X)","20.1%","(X)","26.3%","(X)","20.1%","(X)","19.3%","(X)","20.8%"
"        Margin of Error","±0.3","±1.4","±0.3","±1.0","±0.5","±0.5","±0.4","±0.5","±1.5","±0.5","±0.8","±0.7","(X)","±1.7","(X)","±0.5","(X)","±0.4","(X)","±0.4","(X)","±0.7","(X)","±0.9","(X)","±1.0","(X)","±1.2","(X)","±0.6","(X)","±1.0","(X)","±0.8"
"West Virginia","","","","","","","","","","","","","","","","","","","","","","","","","","","","","","","","","",""
"    Total","","","","","","","","","","","","","","","","","","","","","","","","","","","","","","","","","",""
"        Estimate","364,818","18,063","256,041","17,002","73,683","82,721","82,635","71,758","18,956","90,714","41,144","49,570","34,898","11,109","95,225","86,284","106,877","101,441","65,836","62,235","44,633","31,179","111,419","38,145","212,704","18,296","1,053,618","16,129","156,052","57,883","81,322","27,645","74,730","30,238"
"        Margin of Error","±2,900","±1,153","±1,902","±1,109","±1,775","±2,187","±1,223","±1,907","±1,119","±2,059","±1,185","±1,597","±1,139","±920","±2,138","±2,093","±2,062","±2,211","±427","±678","±826","±857","±981","±1,449","±913","±1,034","±815","±992","±776","±1,533","±608","±993","±484","±1,210"
"    Percent","","","","","","","","","","","","","","","","","","","","","","","","","","","","","","","","","",""
"        Estimate","(X)","5.0%","70.2%","4.7%","20.2%","22.7%","22.7%","19.7%","5.2%","24.9%","22.6%","27.2%","(X)","31.8%","(X)","90.6%","(X)","94.9%","(X)","94.5%","(X)","69.9%","(X)","34.2%","(X)","8.6%","(X)","1.5%","(X)","37.1%","(X)","34.0%","(X)","40.5%"
"        Margin of Error","(X)","±0.3","±0.5","±0.3","±0.5","±0.6","±0.3","±0.4","±0.3","±0.5","±0.5","±0.7","(X)","±2.3","(X)","±1.0","(X)","±0.7","(X)","±0.8","(X)","±1.6","(X)","±1.3","(X)","±0.5","(X)","±0.1","(X)","±1.0","(X)","±1.2","(X)","±1.6"
"    In public school","","","","","","","","","","","","","","","","","","","","","","","","","","","","","","","","","",""
"        Estimate","(X)","13,513","226,336","15,059","63,515","73,123","74,639","60,174","14,313","74,487","33,455","41,032","(X)","7,735","(X)","74,571","(X)","89,542","(X)","56,220","(X)","27,342","(X)","32,347","(X)","14,398","(X)","12,181","(X)","49,218","(X)","23,263","(X)","25,955"
"        Margin of Error","(X)","±1,059","±2,424","±1,015","±1,821","±2,206","±1,442","±1,594","±973","±1,643","±1,154","±1,234","(X)","±804","(X)","±2,062","(X)","±2,183","(X)","±887","(X)","±820","(X)","±1,377","(X)","±882","(X)","±858","(X)","±1,424","(X)","±947","(X)","±1,146"
"    Percent in public school","","","","","","","","","","","","","","","","","","","","","","","","","","","","","","","","","",""
"        Estimate","86.2%","74.8%","88.4%","88.6%","86.2%","88.4%","90.3%","83.9%","75.5%","82.1%","81.3%","82.8%","(X)","69.6%","(X)","86.4%","(X)","88.3%","(X)","90.3%","(X)","87.7%","(X)","84.8%","(X)","78.7%","(X)","75.5%","(X)","85.0%","(X)","84.1%","(X)","85.8%"
"        Margin of Error","±0.5","±2.5","±0.6","±1.5","±1.0","±1.0","±0.9","±1.1","±2.9","±1.2","±1.8","±1.4","(X)","±3.4","(X)","±0.9","(X)","±0.8","(X)","±1.1","(X)","±1.3","(X)","±1.6","(X)","±2.8","(X)","±2.5","(X)","±1.3","(X)","±1.9","(X)","±1.8"
"    In private school","","","","","","","","","","","","","","","","","","","","","","","","","","","","","","","","","",""
"        Estimate","(X)","4,550","29,705","1,943","10,168","9,598","7,996","11,584","4,643","16,227","7,689","8,538","(X)","3,374","(X)","11,713","(X)","11,899","(X)","6,015","(X)","3,837","(X)","5,798","(X)","3,898","(X)","3,948","(X)","8,665","(X)","4,382","(X)","4,283"
"        Margin of Error","(X)","±478","±1,478","±285","±738","±797","±736","±942","±633","±1,296","±778","±861","(X)","±422","(X)","±786","(X)","±870","(X)","±697","(X)","±438","(X)","±663","(X)","±590","(X)","±460","(X)","±811","(X)","±558","(X)","±592"
"    Percent in private school","","","","","","","","","","","","","","","","","","","","","","","","","","","","","","","","","",""
"        Estimate","13.8%","25.2%","11.6%","11.4%","13.8%","11.6%","9.7%","16.1%","24.5%","17.9%","18.7%","17.2%","(X)","30.4%","(X)","13.6%","(X)","11.7%","(X)","9.7%","(X)","12.3%","(X)","15.2%","(X)","21.3%","(X)","24.5%","(X)","15.0%","(X)","15.9%","(X)","14.2%"
"        Margin of Error","±0.5","±2.5","±0.6","±1.5","±1.0","±1.0","±0.9","±1.1","±2.9","±1.2","±1.8","±1.4","(X)","±3.4","(X)","±0.9","(X)","±0.8","(X)","±1.1","(X)","±1.3","(X)","±1.6","(X)","±2.8","(X)","±2.5","(X)","±1.3","(X)","±1.9","(X)","±1.8"
"Wisconsin","","","","","","","","","","","","","","","","","","","","","","","","","","","","","","","","","",""
"    Total","","","","","","","","","","","","","","","","","","","","","","","","","","","","","","","","","",""
"        Estimate","1,356,381","72,380","940,258","75,007","274,377","288,797","302,077","280,219","63,524","343,743","149,835","193,908","133,533","55,449","346,828","329,829","368,502","358,389","233,330","224,714","156,355","112,511","393,998","147,858","742,639","69,047","3,357,334","58,584","550,353","219,074","280,452","97,735","269,901","121,339"
"        Margin of Error","±5,176","±1,721","±2,586","±1,864","±2,678","±2,775","±1,831","±4,029","±2,134","±4,060","±2,840","±2,910","±1,823","±1,709","±3,094","±3,223","±3,150","±3,069","±353","±693","±736","±1,465","±817","±2,922","±1,003","±2,057","±716","±1,739","±898","±2,935","±584","±2,174","±615","±2,022"
"    Percent","","","","","","","","","","","","","","","","","","","","","","","","","","","","","","","","","",""
"        Estimate","(X)","5.3%","69.3%","5.5%","20.2%","21.3%","22.3%","20.7%","4.7%","25.3%","22.3%","28.3%","(X)","41.5%","(X)","95.1%","(X)","97.3%","(X)","96.3%","(X)","72.0%","(X)","37.5%","(X)","9.3%","(X)","1.7%","(X)","39.8%","(X)","34.8%","(X)","45.0%"
"        Margin of Error","(X)","±0.1","±0.2","±0.1","±0.2","±0.2","±0.1","±0.2","±0.2","±0.2","±0.3","±0.3","(X)","±1.1","(X)","±0.3","(X)","±0.2","(X)","±0.3","(X)","±0.9","(X)","±0.7","(X)","±0.3","(X)","±0.1","(X)","±0.5","(X)","±0.8","(X)","±0.7"
"    In public school","","","","","","","","","","","","","","","","","","","","","","","","","","","","","","","","","",""
"        Estimate","(X)","50,191","795,914","60,175","224,728","242,248","268,763","229,646","41,622","271,268","121,023","150,245","(X)","36,472","(X)","269,008","(X)","301,601","(X)","199,158","(X)","94,266","(X)","119,424","(X)","54,002","(X)","43,442","(X)","176,695","(X)","79,979","(X)","96,716"
"        Margin of Error","(X)","±1,449","±4,047","±1,597","±2,764","±2,883","±2,323","±3,994","±2,001","±3,974","±2,708","±2,780","(X)","±1,478","(X)","±3,144","(X)","±3,319","(X)","±1,340","(X)","±1,493","(X)","±2,823","(X)","±1,921","(X)","±1,546","(X)","±3,040","(X)","±2,027","(X)","±2,096"
"    Percent in public school","","","","","","","","","","","","","","","","","","","","","","","","","","","","","","","","","",""
"        Estimate","82.4%","69.3%","84.6%","80.2%","81.9%","83.9%","89.0%","82.0%","65.5%","78.9%","80.8%","77.5%","(X)","65.8%","(X)","81.6%","(X)","84.2%","(X)","88.6%","(X)","83.8%","(X)","80.8%","(X)","78.2%","(X)","74.2%","(X)","80.7%","(X)","81.8%","(X)","79.7%"
"        Margin of Error","±0.3","±1.1","±0.3","±0.9","±0.6","±0.6","±0.5","±0.5","±1.6","±0.5","±0.8","±0.8","(X)","±1.5","(X)","±0.5","(X)","±0.5","(X)","±0.5","(X)","±0.7","(X)","±1.0","(X)","±1.5","(X)","±1.5","(X)","±0.6","(X)","±0.9","(X)","±1.0"
"    In private school","","","","","","","","","","","","","","","","","","","","","","","","","","","","","","","","","",""
"        Estimate","(X)","22,189","144,344","14,832","49,649","46,549","33,314","50,573","21,902","72,475","28,812","43,663","(X)","18,977","(X)","60,821","(X)","56,788","(X)","25,556","(X)","18,245","(X)","28,434","(X)","15,045","(X)","15,142","(X)","42,379","(X)","17,756","(X)","24,623"
"        Margin of Error","(X)","±962","±3,086","±798","±1,623","±1,782","±1,396","±1,427","±994","±1,770","±1,191","±1,607","(X)","±929","(X)","±1,904","(X)","±1,935","(X)","±1,171","(X)","±830","(X)","±1,483","(X)","±1,128","(X)","±962","(X)","±1,350","(X)","±916","(X)","±1,193"
"    Percent in private school","","","","","","","","","","","","","","","","","","","","","","","","","","","","","","","","","",""
"        Estimate","17.6%","30.7%","15.4%","19.8%","18.1%","16.1%","11.0%","18.0%","34.5%","21.1%","19.2%","22.5%","(X)","34.2%","(X)","18.4%","(X)","15.8%","(X)","11.4%","(X)","16.2%","(X)","19.2%","(X)","21.8%","(X)","25.8%","(X)","19.3%","(X)","18.2%","(X)","20.3%"
"        Margin of Error","±0.3","±1.1","±0.3","±0.9","±0.6","±0.6","±0.5","±0.5","±1.6","±0.5","±0.8","±0.8","(X)","±1.5","(X)","±0.5","(X)","±0.5","(X)","±0.5","(X)","±0.7","(X)","±1.0","(X)","±1.5","(X)","±1.5","(X)","±0.6","(X)","±0.9","(X)","±1.0"
"Wyoming","","","","","","","","","","","","","","","","","","","","","","","","","","","","","","","","","",""
"    Total","","","","","","","","","","","","","","","","","","","","","","","","","","","","","","","","","",""
"        Estimate","141,871","8,763","97,742","6,716","28,446","31,309","31,271","28,408","6,958","35,366","15,570","19,796","12,696","6,046","36,213","34,023","39,537","38,478","24,234","23,043","15,422","10,815","36,923","12,880","73,710","7,941","325,075","8,645","52,345","19,140","27,637","8,610","24,708","10,530"
"        Margin of Error","±1,623","±698","±979","±500","±1,042","±942","±781","±1,110","±753","±1,266","±901","±735","±657","±625","±953","±850","±941","±957","±380","±451","±548","±497","±689","±604","±679","±712","±677","±1,013","±590","±751","±480","±504","±347","±523"
"    Percent","","","","","","","","","","","","","","","","","","","","","","","","","","","","","","","","","",""
"        Estimate","(X)","6.2%","68.9%","4.7%","20.1%","22.1%","22.0%","20.0%","4.9%","24.9%","22.0%","27.9%","(X)","47.6%","(X)","94.0%","(X)","97.3%","(X)","95.1%","(X)","70.1%","(X)","34.9%","(X)","10.8%","(X)","2.7%","(X)","36.6%","(X)","31.2%","(X)","42.6%"
"        Margin of Error","(X)","±0.5","±0.6","±0.4","±0.7","±0.6","±0.5","±0.7","±0.5","±0.7","±1.0","±0.8","(X)","±4.4","(X)","±1.0","(X)","±0.9","(X)","±1.1","(X)","±2.4","(X)","±1.8","(X)","±0.9","(X)","±0.3","(X)","±1.5","(X)","±1.8","(X)","±2.1"
"    In public school","","","","","","","","","","","","","","","","","","","","","","","","","","","","","","","","","",""
"        Estimate","(X)","5,783","88,760","5,867","25,745","28,395","28,753","25,360","5,238","30,598","13,297","17,301","(X)","3,929","(X)","29,996","(X)","34,814","(X)","21,394","(X)","10,046","(X)","11,405","(X)","6,814","(X)","6,743","(X)","17,390","(X)","7,876","(X)","9,514"
"        Margin of Error","(X)","±604","±1,303","±457","±1,048","±920","±888","±1,187","±643","±1,270","±784","±791","(X)","±516","(X)","±955","(X)","±955","(X)","±576","(X)","±496","(X)","±620","(X)","±662","(X)","±918","(X)","±775","(X)","±510","(X)","±509"
"    Percent in public school","","","","","","","","","","","","","","","","","","","","","","","","","","","","","","","","","",""
"        Estimate","88.2%","66.0%","90.8%","87.4%","90.5%","90.7%","91.9%","89.3%","75.3%","86.5%","85.4%","87.4%","(X)","65.0%","(X)","88.2%","(X)","90.5%","(X)","92.8%","(X)","92.9%","(X)","88.5%","(X)","85.8%","(X)","78.0%","(X)","90.9%","(X)","91.5%","(X)","90.4%"
"        Margin of Error","±1.0","±4.1","±1.0","±3.5","±1.4","±1.3","±1.4","±2.1","±5.5","±2.1","±3.1","±2.0","(X)","±4.5","(X)","±1.5","(X)","±1.4","(X)","±1.4","(X)","±1.9","(X)","±3.6","(X)","±3.5","(X)","±4.8","(X)","±2.5","(X)","±3.2","(X)","±3.3"
"    In private school","","","","","","","","","","","","","","","","","","","","","","","","","","","","","","","","","",""
"        Estimate","(X)","2,980","8,982","849","2,701","2,914","2,518","3,048","1,720","4,768","2,273","2,495","(X)","2,117","(X)","4,027","(X)","3,664","(X)","1,649","(X)","769","(X)","1,475","(X)","1,127","(X)","1,902","(X)","1,750","(X)","734","(X)","1,016"
"        Margin of Error","(X)","±411","±1,009","±254","±411","±431","±447","±603","±441","±767","±533","±406","(X)","±321","(X)","±515","(X)","±571","(X)","±328","(X)","±212","(X)","±478","(X)","±296","(X)","±453","(X)","±495","(X)","±280","(X)","±367"
"    Percent in private school","","","","","","","","","","","","","","","","","","","","","","","","","","","","","","","","","",""
"        Estimate","11.8%","34.0%","9.2%","12.6%","9.5%","9.3%","8.1%","10.7%","24.7%","13.5%","14.6%","12.6%","(X)","35.0%","(X)","11.8%","(X)","9.5%","(X)","7.2%","(X)","7.1%","(X)","11.5%","(X)","14.2%","(X)","22.0%","(X)","9.1%","(X)","8.5%","(X)","9.6%"
"        Margin of Error","±1.0","±4.1","±1.0","±3.5","±1.4","±1.3","±1.4","±2.1","±5.5","±2.1","±3.1","±2.0","(X)","±4.5","(X)","±1.5","(X)","±1.4","(X)","±1.4","(X)","±1.9","(X)","±3.6","(X)","±3.5","(X)","±4.8","(X)","±2.5","(X)","±3.2","(X)","±3.3"
"Puerto Rico","","","","","","","","","","","","","","","","","","","","","","","","","","","","","","","","","",""
"    Total","","","","","","","","","","","","","","","","","","","","","","","","","","","","","","","","","",""
"        Estimate","670,562","28,940","419,782","24,266","110,647","135,840","149,029","180,957","40,883","221,840","98,904","122,936","44,875","25,714","134,523","129,897","172,663","170,304","112,684","108,205","78,881","58,019","212,863","99,071","430,715","46,543","1,990,461","32,809","291,744","141,581","148,470","64,166","143,274","77,415"
"        Margin of Error","±3,918","±1,339","±1,832","±1,375","±2,329","±2,516","±2,087","±2,897","±1,803","±3,526","±2,622","±2,343","±1,353","±1,303","±2,361","±2,324","±2,383","±2,422","*****","±596","±860","±1,206","±831","±2,034","±568","±2,065","±469","±1,638","±303","±2,395","±157","±1,780","±253","±1,696"
"    Percent","","","","","","","","","","","","","","","","","","","","","","","","","","","","","","","","","",""
"        Estimate","(X)","4.3%","62.6%","3.6%","16.5%","20.3%","22.2%","27.0%","6.1%","33.1%","30.1%","36.0%","(X)","57.3%","(X)","96.6%","(X)","98.6%","(X)","96.0%","(X)","73.6%","(X)","46.5%","(X)","10.8%","(X)","1.6%","(X)","48.5%","(X)","43.2%","(X)","54.0%"
"        Margin of Error","(X)","±0.2","±0.4","±0.2","±0.3","±0.4","±0.3","±0.3","±0.3","±0.4","±0.6","±0.5","(X)","±2.2","(X)","±0.5","(X)","±0.3","(X)","±0.5","(X)","±1.4","(X)","±0.9","(X)","±0.5","(X)","±0.1","(X)","±0.8","(X)","±1.2","(X)","±1.2"
"    In public school","","","","","","","","","","","","","","","","","","","","","","","","","","","","","","","","","",""
"        Estimate","(X)","19,995","304,867","16,841","79,298","98,889","109,839","73,445","12,081","85,526","38,171","47,355","(X)","17,678","(X)","91,510","(X)","124,196","(X)","79,464","(X)","29,803","(X)","43,692","(X)","13,257","(X)","10,788","(X)","61,858","(X)","27,817","(X)","34,041"
"        Margin of Error","(X)","±1,356","±3,035","±1,276","±2,371","±2,170","±2,289","±2,700","±970","±2,870","±1,592","±1,970","(X)","±1,084","(X)","±2,566","(X)","±2,548","(X)","±1,302","(X)","±1,152","(X)","±1,937","(X)","±1,123","(X)","±943","(X)","±2,386","(X)","±1,266","(X)","±1,770"
"    Percent in public school","","","","","","","","","","","","","","","","","","","","","","","","","","","","","","","","","",""
"        Estimate","61.2%","69.1%","72.6%","69.4%","71.7%","72.8%","73.7%","40.6%","29.6%","38.6%","38.6%","38.5%","(X)","68.7%","(X)","70.4%","(X)","72.9%","(X)","73.4%","(X)","51.4%","(X)","44.1%","(X)","28.5%","(X)","32.9%","(X)","43.7%","(X)","43.4%","(X)","44.0%"
"        Margin of Error","±0.6","±2.6","±0.7","±3.1","±1.3","±1.0","±1.1","±1.3","±2.1","±1.2","±1.4","±1.4","(X)","±2.6","(X)","±1.4","(X)","±1.0","(X)","±1.3","(X)","±1.8","(X)","±1.7","(X)","±2.0","(X)","±2.3","(X)","±1.5","(X)","±1.8","(X)","±1.8"
"    In private school","","","","","","","","","","","","","","","","","","","","","","","","","","","","","","","","","",""
"        Estimate","(X)","8,945","114,915","7,425","31,349","36,951","39,190","107,512","28,802","136,314","60,733","75,581","(X)","8,036","(X)","38,387","(X)","46,108","(X)","28,741","(X)","28,216","(X)","55,379","(X)","33,286","(X)","22,021","(X)","79,723","(X)","36,349","(X)","43,374"
"        Margin of Error","(X)","±747","±2,929","±814","±1,508","±1,613","±1,801","±2,905","±1,626","±3,557","±2,317","±2,157","(X)","±792","(X)","±1,804","(X)","±1,735","(X)","±1,404","(X)","±1,250","(X)","±2,000","(X)","±1,719","(X)","±1,314","(X)","±2,436","(X)","±1,637","(X)","±1,471"
"    Percent in private school","","","","","","","","","","","","","","","","","","","","","","","","","","","","","","","","","",""
"        Estimate","38.8%","30.9%","27.4%","30.6%","28.3%","27.2%","26.3%","59.4%","70.4%","61.4%","61.4%","61.5%","(X)","31.3%","(X)","29.6%","(X)","27.1%","(X)","26.6%","(X)","48.6%","(X)","55.9%","(X)","71.5%","(X)","67.1%","(X)","56.3%","(X)","56.6%","(X)","56.0%"
"        Margin of Error","±0.6","±2.6","±0.7","±3.1","±1.3","±1.0","±1.1","±1.3","±2.1","±1.2","±1.4","±1.4","(X)","±2.6","(X)","±1.4","(X)","±1.0","(X)","±1.3","(X)","±1.8","(X)","±1.7","(X)","±2.0","(X)","±2.3","(X)","±1.5","(X)","±1.8","(X)","±1.8"